code,city,country,county,time_zone
19273,Amt Neuhaus,DE,Landkreis Lüneburg,W. Europe Standard Time
19273,Bleckede,DE,Landkreis Lüneburg,W. Europe Standard Time
21149,Rosengarten,DE,Landkreis Harburg,W. Europe Standard Time
21217,Seevetal,DE,Landkreis Harburg,W. Europe Standard Time
21218,Seevetal,DE,Landkreis Harburg,W. Europe Standard Time
21218,Seevetalq,DE,Landkreis Harburg,W. Europe Standard Time
21220,Seevetal,DE,Landkreis Harburg,W. Europe Standard Time
21224,Rosengarten,DE,Landkreis Harburg,W. Europe Standard Time
21224,Sieversen,DE,Landkreis Harburg,W. Europe Standard Time
21227,Bendestorf,DE,Landkreis Harburg,W. Europe Standard Time
21228,Harmstorf,DE,Landkreis Harburg,W. Europe Standard Time
21244,Buchholz in der Nordheide,DE,Landkreis Harburg,W. Europe Standard Time
21255,Dohren,DE,Landkreis Harburg,W. Europe Standard Time
21255,Kakenstorf,DE,Landkreis Harburg,W. Europe Standard Time
21255,Königsmoor,DE,Landkreis Harburg,W. Europe Standard Time
21255,Riepshof,DE,Landkreis Harburg,W. Europe Standard Time
21255,Tostedt,DE,Landkreis Harburg,W. Europe Standard Time
21255,Wistedt,DE,Landkreis Harburg,W. Europe Standard Time
21256,Handeloh,DE,Landkreis Harburg,W. Europe Standard Time
21258,Heidenau,DE,Landkreis Harburg,W. Europe Standard Time
21259,Otter,DE,Landkreis Harburg,W. Europe Standard Time
21261,Welle,DE,Landkreis Harburg,W. Europe Standard Time
21266,Jesteburg,DE,Landkreis Harburg,W. Europe Standard Time
21271,Asendorf,DE,Landkreis Harburg,W. Europe Standard Time
21271,Hanstedt,DE,Landkreis Harburg,W. Europe Standard Time
21271,Seevetal,DE,Landkreis Harburg,W. Europe Standard Time
21272,Egestorf,DE,Landkreis Harburg,W. Europe Standard Time
21274,Undeloh,DE,Landkreis Harburg,W. Europe Standard Time
21279,Appel,DE,Landkreis Harburg,W. Europe Standard Time
21279,Drestedt,DE,Landkreis Harburg,W. Europe Standard Time
21279,Hollenstedt,DE,Landkreis Harburg,W. Europe Standard Time
21279,Wenzendorf,DE,Landkreis Harburg,W. Europe Standard Time
21335,Lüneburg,DE,Landkreis Lüneburg,W. Europe Standard Time
21337,Lüneburg,DE,Landkreis Lüneburg,W. Europe Standard Time
21339,Lüneburg,DE,Landkreis Lüneburg,W. Europe Standard Time
21354,Bleckede,DE,Landkreis Lüneburg,W. Europe Standard Time
21357,Bardowick,DE,Landkreis Lüneburg,W. Europe Standard Time
21357,Barum,DE,Landkreis Lüneburg,W. Europe Standard Time
21357,Wittorf,DE,Landkreis Lüneburg,W. Europe Standard Time
21358,Mechtersen,DE,Landkreis Lüneburg,W. Europe Standard Time
21360,Vögelsen,DE,Landkreis Lüneburg,W. Europe Standard Time
21365,Adendorf,DE,Landkreis Lüneburg,W. Europe Standard Time
21365,Bienenbüttel,DE,Landkreis Uelzen,W. Europe Standard Time
21368,Boitze,DE,Landkreis Lüneburg,W. Europe Standard Time
21368,Dahlem,DE,Landkreis Lüneburg,W. Europe Standard Time
21368,Dahlenburg,DE,Landkreis Lüneburg,W. Europe Standard Time
21369,Nahrendorf,DE,Landkreis Lüneburg,W. Europe Standard Time
21371,Tosterglope,DE,Landkreis Lüneburg,W. Europe Standard Time
21376,Eyendorf,DE,Landkreis Harburg,W. Europe Standard Time
21376,Garlstorf,DE,Landkreis Harburg,W. Europe Standard Time
21376,Gödenstorf,DE,Landkreis Harburg,W. Europe Standard Time
21376,Salzhausen,DE,Landkreis Harburg,W. Europe Standard Time
21379,Echem,DE,Landkreis Lüneburg,W. Europe Standard Time
21379,Lüdersburg,DE,Landkreis Lüneburg,W. Europe Standard Time
21379,Neetze,DE,Landkreis Lüneburg,W. Europe Standard Time
21379,Rullstorf,DE,Landkreis Lüneburg,W. Europe Standard Time
21379,Scharnebeck,DE,Landkreis Lüneburg,W. Europe Standard Time
21380,Artlenburg,DE,Landkreis Lüneburg,W. Europe Standard Time
21382,Brietlingen,DE,Landkreis Lüneburg,W. Europe Standard Time
21385,Amelinghausen,DE,Landkreis Lüneburg,W. Europe Standard Time
21385,Oldendorf (Luhe),DE,Landkreis Lüneburg,W. Europe Standard Time
21385,Rehlingen,DE,Landkreis Lüneburg,W. Europe Standard Time
21386,Betzendorf,DE,Landkreis Lüneburg,W. Europe Standard Time
21388,Soderstorf,DE,Landkreis Lüneburg,W. Europe Standard Time
21391,Reppenstedt,DE,Landkreis Lüneburg,W. Europe Standard Time
21394,Kirchgellersen,DE,Landkreis Lüneburg,W. Europe Standard Time
21394,Südergellersen,DE,Landkreis Lüneburg,W. Europe Standard Time
21394,Westergellersen,DE,Landkreis Lüneburg,W. Europe Standard Time
21395,Tespe,DE,Landkreis Harburg,W. Europe Standard Time
21397,Barendorf,DE,Landkreis Lüneburg,W. Europe Standard Time
21397,Vastorf,DE,Landkreis Lüneburg,W. Europe Standard Time
21398,Neetze,DE,Landkreis Lüneburg,W. Europe Standard Time
21400,Neetze,DE,Landkreis Lüneburg,W. Europe Standard Time
21400,Reinstorf,DE,Landkreis Lüneburg,W. Europe Standard Time
21401,Thomasburg,DE,Landkreis Lüneburg,W. Europe Standard Time
21403,Wendisch Evern,DE,Landkreis Lüneburg,W. Europe Standard Time
21406,Barnstedt,DE,Landkreis Lüneburg,W. Europe Standard Time
21406,Melbeck,DE,Landkreis Lüneburg,W. Europe Standard Time
21407,Deutsch Evern,DE,Landkreis Lüneburg,W. Europe Standard Time
21409,Embsen,DE,Landkreis Lüneburg,W. Europe Standard Time
21423,Drage,DE,Landkreis Harburg,W. Europe Standard Time
21423,Drage (Elbe),DE,Landkreis Harburg,W. Europe Standard Time
21423,Winsen (Luhe),DE,Landkreis Harburg,W. Europe Standard Time
21435,Stelle,DE,Landkreis Harburg,W. Europe Standard Time
21436,Marschacht,DE,Landkreis Harburg,W. Europe Standard Time
21438,Brackel,DE,Landkreis Harburg,W. Europe Standard Time
21439,Marxen,DE,Landkreis Harburg,W. Europe Standard Time
21441,Garstedt,DE,Landkreis Harburg,W. Europe Standard Time
21442,Toppenstedt,DE,Landkreis Harburg,W. Europe Standard Time
21444,Vierhöfen,DE,Landkreis Harburg,W. Europe Standard Time
21445,Wulfsen,DE,Landkreis Harburg,W. Europe Standard Time
21447,Handorf,DE,Landkreis Lüneburg,W. Europe Standard Time
21449,Radbruch,DE,Landkreis Lüneburg,W. Europe Standard Time
21522,Hittbergen,DE,Landkreis Lüneburg,W. Europe Standard Time
21522,Hohnstorf (Elbe),DE,Landkreis Lüneburg,W. Europe Standard Time
21614,Buxtehude,DE,Landkreis Stade,W. Europe Standard Time
21629,Neu Wulmstorf,DE,Landkreis Harburg,W. Europe Standard Time
21629,Wulmstorf,DE,Landkreis Harburg,W. Europe Standard Time
21635,Jork,DE,Landkreis Stade,W. Europe Standard Time
21640,Bliedersdorf,DE,Landkreis Stade,W. Europe Standard Time
21640,Horneburg,DE,Landkreis Stade,W. Europe Standard Time
21640,Neuenkirchen,DE,Landkreis Stade,W. Europe Standard Time
21640,Nottensdorf,DE,Landkreis Stade,W. Europe Standard Time
21641,Apensen,DE,Landkreis Stade,W. Europe Standard Time
21643,Beckdorf,DE,Landkreis Stade,W. Europe Standard Time
21644,Sauensiek,DE,Landkreis Stade,W. Europe Standard Time
21646,Halvesbostel,DE,Landkreis Harburg,W. Europe Standard Time
21647,Moisburg,DE,Landkreis Harburg,W. Europe Standard Time
21649,Regesbostel,DE,Landkreis Harburg,W. Europe Standard Time
21680,Stade,DE,Landkreis Stade,W. Europe Standard Time
21682,Stade,DE,Landkreis Stade,W. Europe Standard Time
21683,Stade,DE,Landkreis Stade,W. Europe Standard Time
21684,Agathenburg,DE,Landkreis Stade,W. Europe Standard Time
21684,Hagen,DE,Landkreis Stade,W. Europe Standard Time
21684,Stade,DE,Landkreis Stade,W. Europe Standard Time
21698,Bargstedt,DE,Landkreis Stade,W. Europe Standard Time
21698,Brest,DE,Landkreis Stade,W. Europe Standard Time
21698,Harsefeld,DE,Landkreis Stade,W. Europe Standard Time
21702,Ahlerstedt,DE,Landkreis Stade,W. Europe Standard Time
21702,Kakerbeck,DE,Landkreis Stade,W. Europe Standard Time
21702,Oersdorf,DE,Landkreis Stade,W. Europe Standard Time
21706,Drochtersen,DE,Landkreis Stade,W. Europe Standard Time
21709,Burweg,DE,Landkreis Stade,W. Europe Standard Time
21709,Düdenbüttel,DE,Landkreis Stade,W. Europe Standard Time
21709,Himmelpforten,DE,Landkreis Stade,W. Europe Standard Time
21710,Engelschoff,DE,Landkreis Stade,W. Europe Standard Time
21712,Großenwörden,DE,Landkreis Stade,W. Europe Standard Time
21714,Hammah,DE,Landkreis Stade,W. Europe Standard Time
21717,Deinste,DE,Landkreis Stade,W. Europe Standard Time
21717,Fredenbeck,DE,Landkreis Stade,W. Europe Standard Time
21720,Grünendeich,DE,Landkreis Stade,W. Europe Standard Time
21720,Guderhandviertel,DE,Landkreis Stade,W. Europe Standard Time
21720,Mittelnkirchen,DE,Landkreis Stade,W. Europe Standard Time
21720,Steinkirchen,DE,Landkreis Stade,W. Europe Standard Time
21723,Hollern-Twielenfleth,DE,Landkreis Stade,W. Europe Standard Time
21726,Brobergen,DE,Landkreis Stade,W. Europe Standard Time
21726,Heinbockel,DE,Landkreis Stade,W. Europe Standard Time
21726,Kranenburg,DE,Landkreis Stade,W. Europe Standard Time
21726,Oldendorf,DE,Landkreis Stade,W. Europe Standard Time
21727,Estorf,DE,Landkreis Stade,W. Europe Standard Time
21729,Freiburg (Elbe),DE,Landkreis Stade,W. Europe Standard Time
21730,Balje,DE,Landkreis Stade,W. Europe Standard Time
21732,Krummendeich,DE,Landkreis Stade,W. Europe Standard Time
21734,Oederquart,DE,Landkreis Stade,W. Europe Standard Time
21737,Wischhafen,DE,Landkreis Stade,W. Europe Standard Time
21739,Dollern,DE,Landkreis Stade,W. Europe Standard Time
21745,Hemmoor,DE,Landkreis Cuxhaven,W. Europe Standard Time
21755,Hechthausen,DE,Landkreis Cuxhaven,W. Europe Standard Time
21756,Osten,DE,Landkreis Cuxhaven,W. Europe Standard Time
21762,Osterbruch,DE,Landkreis Cuxhaven,W. Europe Standard Time
21762,Otterndorf,DE,Landkreis Cuxhaven,W. Europe Standard Time
21763,Neuenkirchen,DE,Landkreis Cuxhaven,W. Europe Standard Time
21765,Nordleda,DE,Landkreis Cuxhaven,W. Europe Standard Time
21769,Armstorf,DE,Landkreis Cuxhaven,W. Europe Standard Time
21769,Hollnseth,DE,Landkreis Cuxhaven,W. Europe Standard Time
21769,Lamstedt,DE,Landkreis Cuxhaven,W. Europe Standard Time
21770,Mittelstenahe,DE,Landkreis Cuxhaven,W. Europe Standard Time
21772,Stinstedt,DE,Landkreis Cuxhaven,W. Europe Standard Time
21775,Ihlienworth,DE,Landkreis Cuxhaven,W. Europe Standard Time
21775,Odisheim,DE,Landkreis Cuxhaven,W. Europe Standard Time
21776,Wanna,DE,Landkreis Cuxhaven,W. Europe Standard Time
21781,Cadenberge,DE,Landkreis Cuxhaven,W. Europe Standard Time
21782,Bülkau,DE,Landkreis Cuxhaven,W. Europe Standard Time
21785,Belum,DE,Landkreis Cuxhaven,W. Europe Standard Time
21785,Neuhaus,DE,Landkreis Cuxhaven,W. Europe Standard Time
21785,Neuhaus (Oste),DE,Landkreis Cuxhaven,W. Europe Standard Time
21787,Oberndorf,DE,Landkreis Cuxhaven,W. Europe Standard Time
21789,Wingst,DE,Landkreis Cuxhaven,W. Europe Standard Time
26121,Oldenburg,DE,Oldenburg,W. Europe Standard Time
26121,Oldenburg (Oldenburg),DE,Oldenburg,W. Europe Standard Time
26122,Oldenburg,DE,Oldenburg,W. Europe Standard Time
26122,Oldenburg (Oldenburg),DE,Oldenburg,W. Europe Standard Time
26123,Oldenburg,DE,Oldenburg,W. Europe Standard Time
26125,Oldenburg,DE,Oldenburg,W. Europe Standard Time
26127,Oldenburg,DE,Oldenburg,W. Europe Standard Time
26129,Oldenburg,DE,Oldenburg,W. Europe Standard Time
26131,Oldenburg,DE,Oldenburg,W. Europe Standard Time
26133,Oldenburg,DE,Oldenburg,W. Europe Standard Time
26135,Oldenburg,DE,Oldenburg,W. Europe Standard Time
26160,Bad Zwischenahn,DE,Landkreis Ammerland,W. Europe Standard Time
26160,Bad Zwischenahn-Ofen,DE,Landkreis Ammerland,W. Europe Standard Time
26169,Friesoythe,DE,Landkreis Cloppenburg,W. Europe Standard Time
26180,Rastede,DE,Landkreis Ammerland,W. Europe Standard Time
26188,Edewecht,DE,Landkreis Ammerland,W. Europe Standard Time
26197,Großenkneten,DE,Landkreis Oldenburg,W. Europe Standard Time
26203,Wardenburg,DE,Landkreis Oldenburg,W. Europe Standard Time
26209,Hatten,DE,Landkreis Oldenburg,W. Europe Standard Time
26215,Wiefelstede,DE,Landkreis Ammerland,W. Europe Standard Time
26219,Bösel,DE,Landkreis Cloppenburg,W. Europe Standard Time
26316,Varel,DE,Landkreis Friesland,W. Europe Standard Time
26340,Zetel,DE,Landkreis Friesland,W. Europe Standard Time
26345,Bockhorn,DE,Landkreis Friesland,W. Europe Standard Time
26349,Jade,DE,Landkreis Wesermarsch,W. Europe Standard Time
26382,Wilhelmshaven,DE,Wilhelmshaven,W. Europe Standard Time
26384,Wilhelmshaven,DE,Wilhelmshaven,W. Europe Standard Time
26386,Wilhelmshaven,DE,Wilhelmshaven,W. Europe Standard Time
26388,Wilhelmshaven,DE,Wilhelmshaven,W. Europe Standard Time
26389,Wilhelmshaven,DE,Wilhelmshaven,W. Europe Standard Time
26409,Wittmund,DE,Landkreis Wittmund,W. Europe Standard Time
26419,Schortens,DE,Landkreis Friesland,W. Europe Standard Time
26427,Dunum,DE,Landkreis Wittmund,W. Europe Standard Time
26427,Esens,DE,Landkreis Wittmund,W. Europe Standard Time
26427,Holtgast,DE,Landkreis Wittmund,W. Europe Standard Time
26427,Moorweg,DE,Landkreis Wittmund,W. Europe Standard Time
26427,Neuharlingersiel,DE,Landkreis Wittmund,W. Europe Standard Time
26427,Stedesdorf,DE,Landkreis Wittmund,W. Europe Standard Time
26427,Werdum,DE,Landkreis Wittmund,W. Europe Standard Time
26427,Westerburer Polder,DE,Landkreis Aurich,W. Europe Standard Time
26434,Wangerland,DE,Landkreis Friesland,W. Europe Standard Time
26434,Wangerland Hohenkirchen,DE,Landkreis Friesland,W. Europe Standard Time
26434,Wangerland Hooksiel,DE,Landkreis Friesland,W. Europe Standard Time
26434,Wangerland Horumersiel,DE,Landkreis Friesland,W. Europe Standard Time
26434,Wangerland Schillig,DE,Landkreis Friesland,W. Europe Standard Time
26434,Wangerland-Waddewarden,DE,Landkreis Friesland,W. Europe Standard Time
26441,Jever,DE,Landkreis Friesland,W. Europe Standard Time
26446,Friedeburg,DE,Landkreis Wittmund,W. Europe Standard Time
26452,Sande,DE,Landkreis Friesland,W. Europe Standard Time
26465,Langeoog,DE,Landkreis Wittmund,W. Europe Standard Time
26474,Spiekeroog,DE,Landkreis Wittmund,W. Europe Standard Time
26486,Wangerooge,DE,Landkreis Friesland,W. Europe Standard Time
26487,Blomberg,DE,Landkreis Wittmund,W. Europe Standard Time
26487,Neuschoo,DE,Landkreis Wittmund,W. Europe Standard Time
26489,Ochtersum,DE,Landkreis Wittmund,W. Europe Standard Time
26506,Norden,DE,Landkreis Aurich,W. Europe Standard Time
26524,Berumbur,DE,Landkreis Aurich,W. Europe Standard Time
26524,Hage,DE,Landkreis Aurich,W. Europe Standard Time
26524,Hagermarsch,DE,Landkreis Aurich,W. Europe Standard Time
26524,Halbemond,DE,Landkreis Aurich,W. Europe Standard Time
26524,Lütetsburg,DE,Landkreis Aurich,W. Europe Standard Time
26529,Leezdorf,DE,Landkreis Aurich,W. Europe Standard Time
26529,Marienhafe,DE,Landkreis Aurich,W. Europe Standard Time
26529,Osteel,DE,Landkreis Aurich,W. Europe Standard Time
26529,Rechtsupweg,DE,Landkreis Aurich,W. Europe Standard Time
26529,Upgant-Schott,DE,Landkreis Aurich,W. Europe Standard Time
26529,Wirdum,DE,Landkreis Aurich,W. Europe Standard Time
26532,Großheide,DE,Landkreis Aurich,W. Europe Standard Time
26548,Norderney,DE,Landkreis Aurich,W. Europe Standard Time
26553,Dornum,DE,Landkreis Aurich,W. Europe Standard Time
26556,Eversmeer,DE,Landkreis Wittmund,W. Europe Standard Time
26556,Nenndorf,DE,Landkreis Wittmund,W. Europe Standard Time
26556,Schweindorf,DE,Landkreis Wittmund,W. Europe Standard Time
26556,Utarp,DE,Landkreis Wittmund,W. Europe Standard Time
26556,Westerholt,DE,Landkreis Wittmund,W. Europe Standard Time
26571,Juist,DE,Landkreis Aurich,W. Europe Standard Time
26579,Baltrum,DE,Landkreis Aurich,W. Europe Standard Time
26603,Aurich,DE,Landkreis Aurich,W. Europe Standard Time
26605,Aurich,DE,Landkreis Aurich,W. Europe Standard Time
26607,Aurich,DE,Landkreis Aurich,W. Europe Standard Time
26624,Südbrookmerland,DE,Landkreis Aurich,W. Europe Standard Time
26629,Großefehn,DE,Landkreis Aurich,W. Europe Standard Time
26632,Ihlow,DE,Landkreis Aurich,W. Europe Standard Time
26639,Wiesmoor,DE,Landkreis Aurich,W. Europe Standard Time
26655,Westerstede,DE,Landkreis Ammerland,W. Europe Standard Time
26670,Uplengen,DE,Landkreis Leer,W. Europe Standard Time
26676,Barßel,DE,Landkreis Cloppenburg,W. Europe Standard Time
26683,Saterland,DE,Landkreis Cloppenburg,W. Europe Standard Time
26683,Saterland - Seelterlound,DE,Landkreis Cloppenburg,W. Europe Standard Time
26689,Apen,DE,Landkreis Ammerland,W. Europe Standard Time
26721,Emden,DE,Emden,W. Europe Standard Time
26723,Emden,DE,Emden,W. Europe Standard Time
26725,Emden,DE,Emden,W. Europe Standard Time
26736,Krummhörn,DE,Landkreis Aurich,W. Europe Standard Time
26757,Borkum,DE,Landkreis Leer,W. Europe Standard Time
26759,Hinte,DE,Landkreis Aurich,W. Europe Standard Time
26759,Südbrookmerland,DE,Landkreis Aurich,W. Europe Standard Time
26789,Leer,DE,Landkreis Leer,W. Europe Standard Time
26789,Leer (Ostfriesland),DE,Landkreis Leer,W. Europe Standard Time
26802,Moormerland,DE,Landkreis Leer,W. Europe Standard Time
26810,Westoverledingen,DE,Landkreis Leer,W. Europe Standard Time
26817,Rhauderfehn,DE,Landkreis Leer,W. Europe Standard Time
26826,Weener,DE,Landkreis Leer,W. Europe Standard Time
26831,Bunde,DE,Landkreis Leer,W. Europe Standard Time
26831,Bunderhammrich,DE,Landkreis Leer,W. Europe Standard Time
26835,Brinkum,DE,Landkreis Leer,W. Europe Standard Time
26835,Firrel,DE,Landkreis Leer,W. Europe Standard Time
26835,Hesel,DE,Landkreis Leer,W. Europe Standard Time
26835,Holtland,DE,Landkreis Leer,W. Europe Standard Time
26835,Neukamperfehn,DE,Landkreis Leer,W. Europe Standard Time
26835,Schwerinsdorf,DE,Landkreis Leer,W. Europe Standard Time
26842,Ostrhauderfehn,DE,Landkreis Leer,W. Europe Standard Time
26842,Saterland,DE,Landkreis Leer,W. Europe Standard Time
26844,Jemgum,DE,Landkreis Leer,W. Europe Standard Time
26845,Nortmoor,DE,Landkreis Leer,W. Europe Standard Time
26847,Detern,DE,Landkreis Leer,W. Europe Standard Time
26849,Filsum,DE,Landkreis Leer,W. Europe Standard Time
26871,Aschendorf,DE,Landkreis Emsland,W. Europe Standard Time
26871,Papenburg,DE,Landkreis Emsland,W. Europe Standard Time
26892,Dörpen,DE,Landkreis Emsland,W. Europe Standard Time
26892,Heede,DE,Landkreis Emsland,W. Europe Standard Time
26892,Kluse,DE,Landkreis Emsland,W. Europe Standard Time
26892,Lehe,DE,Landkreis Emsland,W. Europe Standard Time
26892,Wippingen,DE,Landkreis Emsland,W. Europe Standard Time
26897,Bockhorst,DE,Landkreis Emsland,W. Europe Standard Time
26897,Breddenberg,DE,Landkreis Emsland,W. Europe Standard Time
26897,Esterwegen,DE,Landkreis Emsland,W. Europe Standard Time
26897,Hilkenbrook,DE,Landkreis Emsland,W. Europe Standard Time
26899,Rehde (Ems),DE,Landkreis Emsland,W. Europe Standard Time
26899,Rhede (Ems),DE,Landkreis Emsland,W. Europe Standard Time
26901,Lorup,DE,Landkreis Emsland,W. Europe Standard Time
26901,Rastdorf,DE,Landkreis Emsland,W. Europe Standard Time
26903,Surwold,DE,Landkreis Emsland,W. Europe Standard Time
26904,Börger,DE,Landkreis Emsland,W. Europe Standard Time
26906,Dersum,DE,Landkreis Emsland,W. Europe Standard Time
26907,Walchum,DE,Landkreis Emsland,W. Europe Standard Time
26909,Neubörger,DE,Landkreis Emsland,W. Europe Standard Time
26909,Neulehe,DE,Landkreis Emsland,W. Europe Standard Time
26919,Brake,DE,Landkreis Wesermarsch,W. Europe Standard Time
26919,Brake (Unterweser),DE,Landkreis Wesermarsch,W. Europe Standard Time
26931,Elsfleth,DE,Landkreis Wesermarsch,W. Europe Standard Time
26935,Stadland,DE,Landkreis Wesermarsch,W. Europe Standard Time
26936,Stadland,DE,Landkreis Wesermarsch,W. Europe Standard Time
26937,Stadland,DE,Landkreis Wesermarsch,W. Europe Standard Time
26939,Ovelgönne,DE,Landkreis Wesermarsch,W. Europe Standard Time
26954,Nordenham,DE,Landkreis Wesermarsch,W. Europe Standard Time
26969,Butjadingen,DE,Landkreis Wesermarsch,W. Europe Standard Time
27211,Bassum,DE,Landkreis Diepholz,W. Europe Standard Time
27232,Sulingen,DE,Landkreis Diepholz,W. Europe Standard Time
27239,Twistringen,DE,Landkreis Diepholz,W. Europe Standard Time
27243,Beckeln,DE,Landkreis Oldenburg,W. Europe Standard Time
27243,Colnrade,DE,Landkreis Oldenburg,W. Europe Standard Time
27243,Dünsen,DE,Landkreis Oldenburg,W. Europe Standard Time
27243,Groß Ippener,DE,Landkreis Oldenburg,W. Europe Standard Time
27243,Harpstedt,DE,Landkreis Oldenburg,W. Europe Standard Time
27243,Kirchseelte,DE,Landkreis Oldenburg,W. Europe Standard Time
27243,Prinzhöfte,DE,Landkreis Oldenburg,W. Europe Standard Time
27243,Winkelsett,DE,Landkreis Oldenburg,W. Europe Standard Time
27245,Bahrenborstel,DE,Landkreis Diepholz,W. Europe Standard Time
27245,Barenburg,DE,Landkreis Diepholz,W. Europe Standard Time
27245,Kirchdorf,DE,Landkreis Diepholz,W. Europe Standard Time
27246,Borstel,DE,Landkreis Diepholz,W. Europe Standard Time
27248,Ehrenburg,DE,Landkreis Diepholz,W. Europe Standard Time
27249,Maasen,DE,Landkreis Diepholz,W. Europe Standard Time
27249,Mellinghausen,DE,Landkreis Diepholz,W. Europe Standard Time
27251,Neuenkirchen,DE,Landkreis Diepholz,W. Europe Standard Time
27251,Scholen,DE,Landkreis Diepholz,W. Europe Standard Time
27252,Schwaförden,DE,Landkreis Diepholz,W. Europe Standard Time
27254,Siedenburg,DE,Landkreis Diepholz,W. Europe Standard Time
27254,Staffhorst,DE,Landkreis Diepholz,W. Europe Standard Time
27257,Affinghausen,DE,Landkreis Diepholz,W. Europe Standard Time
27257,Sudwalde,DE,Landkreis Diepholz,W. Europe Standard Time
27259,Freistatt,DE,Landkreis Diepholz,W. Europe Standard Time
27259,Varrel,DE,Landkreis Diepholz,W. Europe Standard Time
27259,Wehrbleck,DE,Landkreis Diepholz,W. Europe Standard Time
27283,Verden,DE,Landkreis Verden,W. Europe Standard Time
27283,Verden (Aller),DE,Landkreis Verden,W. Europe Standard Time
27299,Langwedel,DE,Landkreis Verden,W. Europe Standard Time
27305,Bruchhausen-Vilsen,DE,Landkreis Diepholz,W. Europe Standard Time
27308,Kirchlinteln,DE,Landkreis Verden,W. Europe Standard Time
27313,Dörverden,DE,Landkreis Verden,W. Europe Standard Time
27318,Hilgermissen,DE,Landkreis Nienburg/Weser,W. Europe Standard Time
27318,Hoya,DE,Landkreis Nienburg/Weser,W. Europe Standard Time
27318,Hoyerhagen,DE,Landkreis Nienburg/Weser,W. Europe Standard Time
27321,Emtinghausen,DE,Landkreis Verden,W. Europe Standard Time
27321,Thedinghausen,DE,Landkreis Verden,W. Europe Standard Time
27324,Eystrup,DE,Landkreis Nienburg/Weser,W. Europe Standard Time
27324,Gandesbergen,DE,Landkreis Nienburg/Weser,W. Europe Standard Time
27324,Hassel (Weser),DE,Landkreis Nienburg/Weser,W. Europe Standard Time
27324,Hämelhausen,DE,Landkreis Nienburg/Weser,W. Europe Standard Time
27327,Martfeld,DE,Landkreis Diepholz,W. Europe Standard Time
27327,Schwarme,DE,Landkreis Diepholz,W. Europe Standard Time
27330,Asendorf,DE,Landkreis Diepholz,W. Europe Standard Time
27333,Bücken,DE,Landkreis Nienburg/Weser,W. Europe Standard Time
27333,Schweringen,DE,Landkreis Nienburg/Weser,W. Europe Standard Time
27333,Warpe,DE,Landkreis Nienburg/Weser,W. Europe Standard Time
27336,Frankenfeld,DE,Heidekreis,W. Europe Standard Time
27336,Groß Häuslingen,DE,Heidekreis,W. Europe Standard Time
27336,Häuslingen,DE,Heidekreis,W. Europe Standard Time
27336,Rethem,DE,Heidekreis,W. Europe Standard Time
27336,Rethem (Aller),DE,Heidekreis,W. Europe Standard Time
27337,Blender,DE,Landkreis Verden,W. Europe Standard Time
27339,Riede,DE,Landkreis Verden,W. Europe Standard Time
27356,Rotenburg,DE,Landkreis Rotenburg (Wümme),W. Europe Standard Time
27356,Rotenburg (Wümme),DE,Landkreis Rotenburg (Wümme),W. Europe Standard Time
27367,Ahausen,DE,Landkreis Rotenburg (Wümme),W. Europe Standard Time
27367,Bötersen,DE,Landkreis Rotenburg (Wümme),W. Europe Standard Time
27367,Hassendorf,DE,Landkreis Rotenburg (Wümme),W. Europe Standard Time
27367,Hellwege,DE,Landkreis Rotenburg (Wümme),W. Europe Standard Time
27367,Horstedt,DE,Landkreis Rotenburg (Wümme),W. Europe Standard Time
27367,Reeßum,DE,Landkreis Rotenburg (Wümme),W. Europe Standard Time
27367,Sottrum,DE,Landkreis Rotenburg (Wümme),W. Europe Standard Time
27374,Visselhövede,DE,Landkreis Rotenburg (Wümme),W. Europe Standard Time
27383,Scheeßel,DE,Landkreis Rotenburg (Wümme),W. Europe Standard Time
27386,Bothel,DE,Landkreis Rotenburg (Wümme),W. Europe Standard Time
27386,Brockel,DE,Landkreis Rotenburg (Wümme),W. Europe Standard Time
27386,Hemsbünde,DE,Landkreis Rotenburg (Wümme),W. Europe Standard Time
27386,Hemslingen,DE,Landkreis Rotenburg (Wümme),W. Europe Standard Time
27386,Kirchwalsede,DE,Landkreis Rotenburg (Wümme),W. Europe Standard Time
27386,Westerwalsede,DE,Landkreis Rotenburg (Wümme),W. Europe Standard Time
27389,Fintel,DE,Landkreis Rotenburg (Wümme),W. Europe Standard Time
27389,Helvesiek,DE,Landkreis Rotenburg (Wümme),W. Europe Standard Time
27389,Lauenbrück,DE,Landkreis Rotenburg (Wümme),W. Europe Standard Time
27389,Stemmen,DE,Landkreis Rotenburg (Wümme),W. Europe Standard Time
27389,Vahlde,DE,Landkreis Rotenburg (Wümme),W. Europe Standard Time
27404,Elsdorf,DE,Landkreis Rotenburg (Wümme),W. Europe Standard Time
27404,Gyhum,DE,Landkreis Rotenburg (Wümme),W. Europe Standard Time
27404,Heeslingen,DE,Landkreis Rotenburg (Wümme),W. Europe Standard Time
27404,Ostereistedt,DE,Landkreis Rotenburg (Wümme),W. Europe Standard Time
27404,Rhade,DE,Landkreis Rotenburg (Wümme),W. Europe Standard Time
27404,Seedorf,DE,Landkreis Rotenburg (Wümme),W. Europe Standard Time
27404,Zeven,DE,Landkreis Rotenburg (Wümme),W. Europe Standard Time
27412,Breddorf,DE,Landkreis Rotenburg (Wümme),W. Europe Standard Time
27412,Bülstedt,DE,Landkreis Rotenburg (Wümme),W. Europe Standard Time
27412,Hepstedt,DE,Landkreis Rotenburg (Wümme),W. Europe Standard Time
27412,Kirchtimke,DE,Landkreis Rotenburg (Wümme),W. Europe Standard Time
27412,Tarmstedt,DE,Landkreis Rotenburg (Wümme),W. Europe Standard Time
27412,Vorwerk,DE,Landkreis Rotenburg (Wümme),W. Europe Standard Time
27412,Westertimke,DE,Landkreis Rotenburg (Wümme),W. Europe Standard Time
27412,Wilstedt,DE,Landkreis Rotenburg (Wümme),W. Europe Standard Time
27419,Groß Meckelsen,DE,Landkreis Rotenburg (Wümme),W. Europe Standard Time
27419,Hamersen,DE,Landkreis Rotenburg (Wümme),W. Europe Standard Time
27419,Kalbe,DE,Landkreis Rotenburg (Wümme),W. Europe Standard Time
27419,Klein Meckelsen,DE,Landkreis Rotenburg (Wümme),W. Europe Standard Time
27419,Lengenbostel,DE,Landkreis Rotenburg (Wümme),W. Europe Standard Time
27419,Sittensen,DE,Landkreis Rotenburg (Wümme),W. Europe Standard Time
27419,Tiste,DE,Landkreis Rotenburg (Wümme),W. Europe Standard Time
27419,Vierden,DE,Landkreis Rotenburg (Wümme),W. Europe Standard Time
27419,Wohnste,DE,Landkreis Rotenburg (Wümme),W. Europe Standard Time
27432,Alfstedt,DE,Landkreis Rotenburg (Wümme),W. Europe Standard Time
27432,Basdahl,DE,Landkreis Rotenburg (Wümme),W. Europe Standard Time
27432,Bremervörde,DE,Landkreis Rotenburg (Wümme),W. Europe Standard Time
27432,Ebersdorf,DE,Landkreis Rotenburg (Wümme),W. Europe Standard Time
27432,Hipstedt,DE,Landkreis Rotenburg (Wümme),W. Europe Standard Time
27432,Oerel,DE,Landkreis Rotenburg (Wümme),W. Europe Standard Time
27442,Gnarrenburg,DE,Landkreis Rotenburg (Wümme),W. Europe Standard Time
27446,Anderlingen,DE,Landkreis Rotenburg (Wümme),W. Europe Standard Time
27446,Deinstedt,DE,Landkreis Rotenburg (Wümme),W. Europe Standard Time
27446,Farven,DE,Landkreis Rotenburg (Wümme),W. Europe Standard Time
27446,Sandbostel,DE,Landkreis Rotenburg (Wümme),W. Europe Standard Time
27446,Selsingen,DE,Landkreis Rotenburg (Wümme),W. Europe Standard Time
27449,Kutenholz,DE,Landkreis Stade,W. Europe Standard Time
27472,Cuxhaven,DE,Landkreis Cuxhaven,W. Europe Standard Time
27474,Cuxhaven,DE,Landkreis Cuxhaven,W. Europe Standard Time
27476,Cuxhaven,DE,Landkreis Cuxhaven,W. Europe Standard Time
27478,Cuxhaven,DE,Landkreis Cuxhaven,W. Europe Standard Time
27568,Bremen,DE,Bremen,W. Europe Standard Time
27568,Bremerhaven,DE,Bremerhaven,W. Europe Standard Time
27570,Bremerhaven,DE,Bremerhaven,W. Europe Standard Time
27572,Bremerhaven,DE,Bremerhaven,W. Europe Standard Time
27574,Bremerhaven,DE,Bremerhaven,W. Europe Standard Time
27576,Bremerhaven,DE,Bremerhaven,W. Europe Standard Time
27578,Bremerhaven,DE,Bremerhaven,W. Europe Standard Time
27580,Bremerhaven,DE,Bremerhaven,W. Europe Standard Time
27607,Geestland,DE,Landkreis Cuxhaven,W. Europe Standard Time
27612,Loxstedt,DE,Landkreis Cuxhaven,W. Europe Standard Time
27616,Beverstedt,DE,Landkreis Cuxhaven,W. Europe Standard Time
27619,Schiffdorf,DE,Landkreis Cuxhaven,W. Europe Standard Time
27624,Geestland,DE,Landkreis Cuxhaven,W. Europe Standard Time
27624,Lintig,DE,Landkreis Cuxhaven,W. Europe Standard Time
27628,Hagen im Bremischen,DE,Landkreis Cuxhaven,W. Europe Standard Time
27628,Lehnstedt,DE,Landkreis Cuxhaven,W. Europe Standard Time
27639,Wurster Nordseeküste,DE,Landkreis Cuxhaven,W. Europe Standard Time
27711,Osterholz-Scharmbeck,DE,Landkreis Osterholz,W. Europe Standard Time
27721,Ritterhude,DE,Landkreis Osterholz,W. Europe Standard Time
27726,Breddorfermoor,DE,Landkreis Rotenburg (Wümme),W. Europe Standard Time
27726,Worpswede,DE,Landkreis Osterholz,W. Europe Standard Time
27729,Axstedt,DE,Landkreis Osterholz,W. Europe Standard Time
27729,Hambergen,DE,Landkreis Osterholz,W. Europe Standard Time
27729,Holste,DE,Landkreis Osterholz,W. Europe Standard Time
27729,Lübberstedt,DE,Landkreis Osterholz,W. Europe Standard Time
27729,Vollersode,DE,Landkreis Osterholz,W. Europe Standard Time
27749,Delmenhorst,DE,Delmenhorst,W. Europe Standard Time
27751,Delmenhorst,DE,Delmenhorst,W. Europe Standard Time
27753,Delmenhorst,DE,Delmenhorst,W. Europe Standard Time
27755,Delmenhorst,DE,Delmenhorst,W. Europe Standard Time
27777,Ganderkesee,DE,Landkreis Oldenburg,W. Europe Standard Time
27793,Wildeshausen,DE,Landkreis Oldenburg,W. Europe Standard Time
27798,Hude,DE,Landkreis Oldenburg,W. Europe Standard Time
27798,Hude (Oldenburg),DE,Landkreis Oldenburg,W. Europe Standard Time
27801,Dötlingen,DE,Landkreis Oldenburg,W. Europe Standard Time
27804,Berne,DE,Landkreis Wesermarsch,W. Europe Standard Time
27809,Lemwerder,DE,Landkreis Wesermarsch,W. Europe Standard Time
28195,Bremen,DE,Bremen,W. Europe Standard Time
28197,Bremen,DE,Bremen,W. Europe Standard Time
28199,Bremen,DE,Bremen,W. Europe Standard Time
28201,Bremen,DE,Bremen,W. Europe Standard Time
28203,Bremen,DE,Bremen,W. Europe Standard Time
28205,Bremen,DE,Bremen,W. Europe Standard Time
28207,Bremen,DE,Bremen,W. Europe Standard Time
28209,Bremen,DE,Bremen,W. Europe Standard Time
28211,Bremen,DE,Bremen,W. Europe Standard Time
28213,Bremen,DE,Bremen,W. Europe Standard Time
28215,Bremen,DE,Bremen,W. Europe Standard Time
28217,Bremen,DE,Bremen,W. Europe Standard Time
28219,Bremen,DE,Bremen,W. Europe Standard Time
28237,Bremen,DE,Bremen,W. Europe Standard Time
28239,Bremen,DE,Bremen,W. Europe Standard Time
28259,Bremen,DE,Bremen,W. Europe Standard Time
28277,Bremen,DE,Bremen,W. Europe Standard Time
28279,Bremen,DE,Bremen,W. Europe Standard Time
28307,Bremen,DE,Bremen,W. Europe Standard Time
28309,Bremen,DE,Bremen,W. Europe Standard Time
28325,Bremen,DE,Bremen,W. Europe Standard Time
28327,Bremen,DE,Bremen,W. Europe Standard Time
28329,Bremen,DE,Bremen,W. Europe Standard Time
28355,Bremen,DE,Bremen,W. Europe Standard Time
28357,Bremen,DE,Bremen,W. Europe Standard Time
28359,Bremen,DE,Bremen,W. Europe Standard Time
28618,Stuhr,DE,Landkreis Diepholz,W. Europe Standard Time
28717,Bremen,DE,Bremen,W. Europe Standard Time
28717,Bremen - Lesum,DE,Bremen,W. Europe Standard Time
28719,Bremen,DE,Bremen,W. Europe Standard Time
28755,Bremen,DE,Bremen,W. Europe Standard Time
28757,Bremen,DE,Bremen,W. Europe Standard Time
28759,Bremen,DE,Bremen,W. Europe Standard Time
28777,Bremen,DE,Bremen,W. Europe Standard Time
28779,Bremen,DE,Bremen,W. Europe Standard Time
28790,Schwanewede,DE,Landkreis Osterholz,W. Europe Standard Time
28816,Stuhr,DE,Landkreis Diepholz,W. Europe Standard Time
28832,Achim,DE,Landkreis Verden,W. Europe Standard Time
28844,Weyhe,DE,Landkreis Diepholz,W. Europe Standard Time
28857,Syke,DE,Landkreis Diepholz,W. Europe Standard Time
28865,Lilienthal,DE,Landkreis Osterholz,W. Europe Standard Time
28870,Ottersberg,DE,Landkreis Verden,W. Europe Standard Time
28876,Oyten,DE,Landkreis Verden,W. Europe Standard Time
28879,Grasberg,DE,Landkreis Osterholz,W. Europe Standard Time
28879,Großheide,DE,Landkreis Aurich,W. Europe Standard Time
29221,Celle,DE,Landkreis Celle,W. Europe Standard Time
29223,Celle,DE,Landkreis Celle,W. Europe Standard Time
29225,Celle,DE,Landkreis Celle,W. Europe Standard Time
29227,Celle,DE,Landkreis Celle,W. Europe Standard Time
29229,Celle,DE,Landkreis Celle,W. Europe Standard Time
29303,Bergen,DE,Landkreis Celle,W. Europe Standard Time
29303,Loheide,DE,Landkreis Celle,W. Europe Standard Time
29303,Lohheide,DE,Landkreis Celle,W. Europe Standard Time
29308,Wietze,DE,Landkreis Celle,W. Europe Standard Time
29308,Winsen,DE,Landkreis Celle,W. Europe Standard Time
29308,Winsen (Aller),DE,Landkreis Celle,W. Europe Standard Time
29313,Hambühren,DE,Landkreis Celle,W. Europe Standard Time
29320,Faßberg,DE,Landkreis Celle,W. Europe Standard Time
29320,Hermannsburg,DE,Landkreis Celle,W. Europe Standard Time
29320,Südheide,DE,Landkreis Celle,W. Europe Standard Time
29323,Wietze,DE,Landkreis Celle,W. Europe Standard Time
29328,Faßberg,DE,Landkreis Celle,W. Europe Standard Time
29331,Lachendorf,DE,Landkreis Celle,W. Europe Standard Time
29336,Nienhagen,DE,Landkreis Celle,W. Europe Standard Time
29339,Wathlingen,DE,Landkreis Celle,W. Europe Standard Time
29342,Wienhausen,DE,Landkreis Celle,W. Europe Standard Time
29345,Südheide,DE,Landkreis Celle,W. Europe Standard Time
29345,Unterlüß,DE,Landkreis Celle,W. Europe Standard Time
29348,Eschede,DE,Landkreis Celle,W. Europe Standard Time
29348,Scharnhorst,DE,Landkreis Celle,W. Europe Standard Time
29351,Eldingen,DE,Landkreis Celle,W. Europe Standard Time
29352,Adelheidsdorf,DE,Landkreis Celle,W. Europe Standard Time
29353,Ahnsbeck,DE,Landkreis Celle,W. Europe Standard Time
29355,Beedenbostel,DE,Landkreis Celle,W. Europe Standard Time
29356,Bröckel,DE,Landkreis Celle,W. Europe Standard Time
29358,Eicklingen,DE,Landkreis Celle,W. Europe Standard Time
29359,Eschede,DE,Landkreis Celle,W. Europe Standard Time
29361,Eschede,DE,Landkreis Celle,W. Europe Standard Time
29362,Hohne,DE,Landkreis Celle,W. Europe Standard Time
29364,Langlingen,DE,Landkreis Celle,W. Europe Standard Time
29365,Sprakensehl,DE,Landkreis Gifhorn,W. Europe Standard Time
29367,Steinhorst,DE,Landkreis Gifhorn,W. Europe Standard Time
29369,Ummern,DE,Landkreis Gifhorn,W. Europe Standard Time
29378,Wittingen,DE,Landkreis Gifhorn,W. Europe Standard Time
29379,Wittingen,DE,Landkreis Gifhorn,W. Europe Standard Time
29386,Dedelstorf,DE,Landkreis Gifhorn,W. Europe Standard Time
29386,Hankensbüttel,DE,Landkreis Gifhorn,W. Europe Standard Time
29386,Obernholz,DE,Landkreis Gifhorn,W. Europe Standard Time
29389,Bad Bodenteich,DE,Landkreis Uelzen,W. Europe Standard Time
29392,Wesendorf,DE,Landkreis Gifhorn,W. Europe Standard Time
29393,Groß Oesingen,DE,Landkreis Gifhorn,W. Europe Standard Time
29394,Lüder,DE,Landkreis Uelzen,W. Europe Standard Time
29396,Schönewörde,DE,Landkreis Gifhorn,W. Europe Standard Time
29399,Wahrenholz,DE,Landkreis Gifhorn,W. Europe Standard Time
29439,Lüchow,DE,Landkreis Lüchow-Dannenberg,W. Europe Standard Time
29451,Dannenberg (Elbe),DE,Landkreis Lüchow-Dannenberg,W. Europe Standard Time
29456,Hitzacker (Elbe),DE,Landkreis Lüchow-Dannenberg,W. Europe Standard Time
29459,Clenze,DE,Landkreis Lüchow-Dannenberg,W. Europe Standard Time
29462,Wustrow,DE,Landkreis Lüchow-Dannenberg,W. Europe Standard Time
29465,Schnega,DE,Landkreis Lüchow-Dannenberg,W. Europe Standard Time
29468,Bergen an der Dumme,DE,Landkreis Lüchow-Dannenberg,W. Europe Standard Time
29471,Gartow,DE,Landkreis Lüchow-Dannenberg,W. Europe Standard Time
29472,Damnatz,DE,Landkreis Lüchow-Dannenberg,W. Europe Standard Time
29473,Göhrde,DE,Landkreis Lüchow-Dannenberg,W. Europe Standard Time
29475,Gorleben,DE,Landkreis Lüchow-Dannenberg,W. Europe Standard Time
29476,Gusborn,DE,Landkreis Lüchow-Dannenberg,W. Europe Standard Time
29478,Höhbeck,DE,Landkreis Lüchow-Dannenberg,W. Europe Standard Time
29479,Jameln,DE,Landkreis Lüchow-Dannenberg,W. Europe Standard Time
29481,Karwitz,DE,Landkreis Lüchow-Dannenberg,W. Europe Standard Time
29482,Küsten,DE,Landkreis Lüchow-Dannenberg,W. Europe Standard Time
29484,Langendorf,DE,Landkreis Lüchow-Dannenberg,W. Europe Standard Time
29485,Lemgow,DE,Landkreis Lüchow-Dannenberg,W. Europe Standard Time
29487,Luckau (Wendland),DE,Landkreis Lüchow-Dannenberg,W. Europe Standard Time
29488,Lübbow,DE,Landkreis Lüchow-Dannenberg,W. Europe Standard Time
29490,Neu Darchau,DE,Landkreis Lüchow-Dannenberg,W. Europe Standard Time
29491,Prezelle,DE,Landkreis Lüchow-Dannenberg,W. Europe Standard Time
29493,Schnackenburg,DE,Landkreis Lüchow-Dannenberg,W. Europe Standard Time
29494,Trebel,DE,Landkreis Lüchow-Dannenberg,W. Europe Standard Time
29496,Waddeweitz,DE,Landkreis Lüchow-Dannenberg,W. Europe Standard Time
29497,Woltersdorf,DE,Landkreis Lüchow-Dannenberg,W. Europe Standard Time
29499,Zernien,DE,Landkreis Lüchow-Dannenberg,W. Europe Standard Time
29525,Uelzen,DE,Landkreis Uelzen,W. Europe Standard Time
29549,Bad Bevensen,DE,Landkreis Uelzen,W. Europe Standard Time
29549,Bad Bevensenq,DE,Landkreis Uelzen,W. Europe Standard Time
29553,Bienenbüttel,DE,Landkreis Uelzen,W. Europe Standard Time
29556,Suderburg,DE,Landkreis Uelzen,W. Europe Standard Time
29559,Wrestedt,DE,Landkreis Uelzen,W. Europe Standard Time
29562,Suhlendorf,DE,Landkreis Uelzen,W. Europe Standard Time
29565,Wriedel,DE,Landkreis Uelzen,W. Europe Standard Time
29571,Rosche,DE,Landkreis Uelzen,W. Europe Standard Time
29574,Ebstorf,DE,Landkreis Uelzen,W. Europe Standard Time
29575,Altenmedingen,DE,Landkreis Uelzen,W. Europe Standard Time
29576,Barum,DE,Landkreis Uelzen,W. Europe Standard Time
29578,Eimke,DE,Landkreis Uelzen,W. Europe Standard Time
29579,Emmendorf,DE,Landkreis Uelzen,W. Europe Standard Time
29581,Gerdau,DE,Landkreis Uelzen,W. Europe Standard Time
29582,Hanstedt,DE,Landkreis Uelzen,W. Europe Standard Time
29584,Himbergen,DE,Landkreis Uelzen,W. Europe Standard Time
29584,Strothe,DE,Landkreis Uelzen,W. Europe Standard Time
29585,Jelmstorf,DE,Landkreis Uelzen,W. Europe Standard Time
29587,Natendorf,DE,Landkreis Uelzen,W. Europe Standard Time
29588,Oetzen,DE,Landkreis Uelzen,W. Europe Standard Time
29590,Rätzlingen,DE,Landkreis Uelzen,W. Europe Standard Time
29591,Römstedt,DE,Landkreis Uelzen,W. Europe Standard Time
29593,Schwienau,DE,Landkreis Uelzen,W. Europe Standard Time
29594,Soltendieck,DE,Landkreis Uelzen,W. Europe Standard Time
29597,Stoetze,DE,Landkreis Uelzen,W. Europe Standard Time
29599,Weste,DE,Landkreis Uelzen,W. Europe Standard Time
29614,Soltau,DE,Heidekreis,W. Europe Standard Time
29624,Fickmühlen,DE,Landkreis Cuxhaven,W. Europe Standard Time
29633,Munster,DE,Heidekreis,W. Europe Standard Time
29640,Schneverdingen,DE,Heidekreis,W. Europe Standard Time
29640,Undeloh,DE,Landkreis Harburg,W. Europe Standard Time
29640,Wintermoor a. d. Ch.,DE,Heidekreis,W. Europe Standard Time
29640,Wintermoor-Geversdorf,DE,Heidekreis,W. Europe Standard Time
29643,Neuenkirchen,DE,Heidekreis,W. Europe Standard Time
29646,Bispingen,DE,Heidekreis,W. Europe Standard Time
29649,Wietzendorf,DE,Heidekreis,W. Europe Standard Time
29664,Ostenholz,DE,Heidekreis,W. Europe Standard Time
29664,Osterheide,DE,Heidekreis,W. Europe Standard Time
29664,Walsrode,DE,Heidekreis,W. Europe Standard Time
29683,Bad Fallingbostel,DE,Heidekreis,W. Europe Standard Time
29683,Oerbke,DE,Heidekreis,W. Europe Standard Time
29683,Osterheide,DE,Heidekreis,W. Europe Standard Time
29683,Wense,DE,Heidekreis,W. Europe Standard Time
29684,Walsrode,DE,Heidekreis,W. Europe Standard Time
29690,Buchholz (Aller),DE,Heidekreis,W. Europe Standard Time
29690,Essel,DE,Heidekreis,W. Europe Standard Time
29690,Gilten,DE,Heidekreis,W. Europe Standard Time
29690,Grethem,DE,Heidekreis,W. Europe Standard Time
29690,Lindwedel,DE,Heidekreis,W. Europe Standard Time
29690,Schwarmstedt,DE,Heidekreis,W. Europe Standard Time
29693,Ahlden,DE,Heidekreis,W. Europe Standard Time
29693,Ahlden (Aller),DE,Heidekreis,W. Europe Standard Time
29693,Böhme,DE,Heidekreis,W. Europe Standard Time
29693,Eickeloh,DE,Heidekreis,W. Europe Standard Time
29693,Hademstorf,DE,Heidekreis,W. Europe Standard Time
29693,Hodenhagen,DE,Heidekreis,W. Europe Standard Time
29699,Walsrode,DE,Heidekreis,W. Europe Standard Time
30159,Hannover,DE,Region Hannover,W. Europe Standard Time
30161,Hannover,DE,Region Hannover,W. Europe Standard Time
30163,Hannover,DE,Region Hannover,W. Europe Standard Time
30165,Hannover,DE,Region Hannover,W. Europe Standard Time
30167,Hannover,DE,Region Hannover,W. Europe Standard Time
30169,Hannover,DE,Region Hannover,W. Europe Standard Time
30171,Hannover,DE,Region Hannover,W. Europe Standard Time
30173,Hannover,DE,Region Hannover,W. Europe Standard Time
30175,Hannover,DE,Region Hannover,W. Europe Standard Time
30177,Hannover,DE,Region Hannover,W. Europe Standard Time
30179,Hannover,DE,Region Hannover,W. Europe Standard Time
30419,Hannover,DE,Region Hannover,W. Europe Standard Time
30449,Hannover,DE,Region Hannover,W. Europe Standard Time
30451,Hannover,DE,Region Hannover,W. Europe Standard Time
30453,Hannover,DE,Region Hannover,W. Europe Standard Time
30455,Hannover,DE,Region Hannover,W. Europe Standard Time
30457,Hannover,DE,Region Hannover,W. Europe Standard Time
30459,Hannover,DE,Region Hannover,W. Europe Standard Time
30519,Hannover,DE,Region Hannover,W. Europe Standard Time
30521,Hannover,DE,Region Hannover,W. Europe Standard Time
30539,Hannover,DE,Region Hannover,W. Europe Standard Time
30559,Hannover,DE,Region Hannover,W. Europe Standard Time
30625,Hannover,DE,Region Hannover,W. Europe Standard Time
30627,Hannover,DE,Region Hannover,W. Europe Standard Time
30629,Hannover,DE,Region Hannover,W. Europe Standard Time
30655,Hannover,DE,Region Hannover,W. Europe Standard Time
30657,Hannover,DE,Region Hannover,W. Europe Standard Time
30659,Hannover,DE,Region Hannover,W. Europe Standard Time
30669,Langenhagen,DE,Region Hannover,W. Europe Standard Time
30823,Garbsen,DE,Region Hannover,W. Europe Standard Time
30826,Garbsen,DE,Region Hannover,W. Europe Standard Time
30827,Garbsen,DE,Region Hannover,W. Europe Standard Time
30851,Langenhagen,DE,Region Hannover,W. Europe Standard Time
30853,Langenhagen,DE,Region Hannover,W. Europe Standard Time
30855,Langenhagen,DE,Region Hannover,W. Europe Standard Time
30880,Laatzen,DE,Region Hannover,W. Europe Standard Time
30890,Barsinghausen,DE,Region Hannover,W. Europe Standard Time
30900,Wedemark,DE,Region Hannover,W. Europe Standard Time
30900,wedemark,DE,Region Hannover,W. Europe Standard Time
30916,Isernhagen,DE,Region Hannover,W. Europe Standard Time
30926,Seelze,DE,Region Hannover,W. Europe Standard Time
30938,Burgwedel,DE,Region Hannover,W. Europe Standard Time
30939,Burgwedel,DE,Region Hannover,W. Europe Standard Time
30952,Ronnenberg,DE,Region Hannover,W. Europe Standard Time
30966,Hemmingen,DE,Region Hannover,W. Europe Standard Time
30974,Wennigsen (Deister),DE,Region Hannover,W. Europe Standard Time
30982,Pattensen,DE,Region Hannover,W. Europe Standard Time
30989,Gehrden,DE,Region Hannover,W. Europe Standard Time
31008,Elze,DE,Landkreis Hildesheim,W. Europe Standard Time
31008,Sorsum,DE,Landkreis Hildesheim,W. Europe Standard Time
31020,Salzhemmendorf,DE,Landkreis Hameln-Pyrmont,W. Europe Standard Time
31028,Gronau (Leine),DE,Landkreis Hildesheim,W. Europe Standard Time
31036,Eime,DE,Landkreis Hildesheim,W. Europe Standard Time
31039,Gronau (Leine),DE,Landkreis Hildesheim,W. Europe Standard Time
31039,Rheden,DE,Landkreis Hildesheim,W. Europe Standard Time
31061,Alfeld,DE,Landkreis Hildesheim,W. Europe Standard Time
31061,Alfeld (Leine),DE,Landkreis Hildesheim,W. Europe Standard Time
31073,Delligsen,DE,Landkreis Holzminden,W. Europe Standard Time
31079,Almstedt,DE,Landkreis Hildesheim,W. Europe Standard Time
31079,Möllensen,DE,Landkreis Hildesheim,W. Europe Standard Time
31079,Segeste,DE,Landkreis Hildesheim,W. Europe Standard Time
31079,Sibbesse,DE,Landkreis Hildesheim,W. Europe Standard Time
31079,Westfeld,DE,Landkreis Hildesheim,W. Europe Standard Time
31084,Freden,DE,Landkreis Hildesheim,W. Europe Standard Time
31084,Freden (Leine),DE,Landkreis Hildesheim,W. Europe Standard Time
31089,Duingen,DE,Landkreis Hildesheim,W. Europe Standard Time
31093,Hoyershausen,DE,Landkreis Hildesheim,W. Europe Standard Time
31134,Hildesheim,DE,Landkreis Hildesheim,W. Europe Standard Time
31135,Hildesheim,DE,Landkreis Hildesheim,W. Europe Standard Time
31137,Hildesheim,DE,Landkreis Hildesheim,W. Europe Standard Time
31139,Hildesheim,DE,Landkreis Hildesheim,W. Europe Standard Time
31141,Hildesheim,DE,Landkreis Hildesheim,W. Europe Standard Time
31157,Sarstedt,DE,Landkreis Hildesheim,W. Europe Standard Time
31162,Bad Salzdetfurth,DE,Landkreis Hildesheim,W. Europe Standard Time
31167,Bockenem,DE,Landkreis Hildesheim,W. Europe Standard Time
31167,Groß Ilde,DE,Landkreis Hildesheim,W. Europe Standard Time
31171,Nordstemmen,DE,Landkreis Hildesheim,W. Europe Standard Time
31174,Schellerten,DE,Landkreis Hildesheim,W. Europe Standard Time
31177,Harsum,DE,Landkreis Hildesheim,W. Europe Standard Time
31180,Giesen,DE,Landkreis Hildesheim,W. Europe Standard Time
31185,Nettlingen,DE,Landkreis Hildesheim,W. Europe Standard Time
31185,Söhlde,DE,Landkreis Hildesheim,W. Europe Standard Time
31188,Holle,DE,Landkreis Hildesheim,W. Europe Standard Time
31191,Algermissen,DE,Landkreis Hildesheim,W. Europe Standard Time
31195,Graste,DE,Landkreis Hildesheim,W. Europe Standard Time
31195,Hornsen,DE,Landkreis Hildesheim,W. Europe Standard Time
31195,Lamspringe,DE,Landkreis Hildesheim,W. Europe Standard Time
31195,Woltershausen,DE,Landkreis Hildesheim,W. Europe Standard Time
31199,Diekholzen,DE,Landkreis Hildesheim,W. Europe Standard Time
31224,Peine,DE,Landkreis Peine,W. Europe Standard Time
31226,Peine,DE,Landkreis Peine,W. Europe Standard Time
31228,Peine,DE,Landkreis Peine,W. Europe Standard Time
31234,Edemissen,DE,Landkreis Peine,W. Europe Standard Time
31234,Oedesse,DE,Landkreis Peine,W. Europe Standard Time
31241,Ilsede,DE,Landkreis Peine,W. Europe Standard Time
31246,Ilsede,DE,Landkreis Peine,W. Europe Standard Time
31249,Hohenhameln,DE,Landkreis Peine,W. Europe Standard Time
31275,Lehrte,DE,Region Hannover,W. Europe Standard Time
31303,Burgdorf,DE,Region Hannover,W. Europe Standard Time
31311,Uetze,DE,Region Hannover,W. Europe Standard Time
31319,Sehnde,DE,Region Hannover,W. Europe Standard Time
31515,Wunstorf,DE,Region Hannover,W. Europe Standard Time
31535,Neustadt,DE,Region Hannover,W. Europe Standard Time
31535,Neustadt am Rübenberge,DE,Region Hannover,W. Europe Standard Time
31536,Neustadt am Rübenberge,DE,Region Hannover,W. Europe Standard Time
31542,Bad Nenndorf,DE,Landkreis Schaumburg,W. Europe Standard Time
31547,Rehburg-Loccum,DE,Landkreis Nienburg/Weser,W. Europe Standard Time
31552,Apelern,DE,Landkreis Schaumburg,W. Europe Standard Time
31552,Rodenberg,DE,Landkreis Schaumburg,W. Europe Standard Time
31553,Auhagen,DE,Landkreis Schaumburg,W. Europe Standard Time
31553,Sachsenhagen,DE,Landkreis Schaumburg,W. Europe Standard Time
31555,Suthfeld,DE,Landkreis Schaumburg,W. Europe Standard Time
31556,Wölpinghausen,DE,Landkreis Schaumburg,W. Europe Standard Time
31558,Hagenburg,DE,Landkreis Schaumburg,W. Europe Standard Time
31559,Haste,DE,Landkreis Schaumburg,W. Europe Standard Time
31559,Hohnhorst,DE,Landkreis Schaumburg,W. Europe Standard Time
31582,Nienburg,DE,Landkreis Nienburg/Weser,W. Europe Standard Time
31582,Nienburg (Weser),DE,Landkreis Nienburg/Weser,W. Europe Standard Time
31582,Nienburg / Weser,DE,Landkreis Nienburg/Weser,W. Europe Standard Time
31582,Nienburg/Weser,DE,Landkreis Nienburg/Weser,W. Europe Standard Time
31592,Stolzenau,DE,Landkreis Nienburg/Weser,W. Europe Standard Time
31595,Steyerberg,DE,Landkreis Nienburg/Weser,W. Europe Standard Time
31600,Uchte,DE,Landkreis Nienburg/Weser,W. Europe Standard Time
31603,Diepenau,DE,Landkreis Nienburg/Weser,W. Europe Standard Time
31604,Raddestorf,DE,Landkreis Nienburg/Weser,W. Europe Standard Time
31606,Warmsen,DE,Landkreis Nienburg/Weser,W. Europe Standard Time
31608,Marklohe,DE,Landkreis Nienburg/Weser,W. Europe Standard Time
31609,Balge,DE,Landkreis Nienburg/Weser,W. Europe Standard Time
31613,Wietzen,DE,Landkreis Nienburg/Weser,W. Europe Standard Time
31618,Liebenau,DE,Landkreis Nienburg/Weser,W. Europe Standard Time
31619,Binnen,DE,Landkreis Nienburg/Weser,W. Europe Standard Time
31621,Pennigsehl,DE,Landkreis Nienburg/Weser,W. Europe Standard Time
31622,Heemsen,DE,Landkreis Nienburg/Weser,W. Europe Standard Time
31623,Drakenburg,DE,Landkreis Nienburg/Weser,W. Europe Standard Time
31626,Haßbergen,DE,Landkreis Nienburg/Weser,W. Europe Standard Time
31627,Rohrsen,DE,Landkreis Nienburg/Weser,W. Europe Standard Time
31628,Landesbergen,DE,Landkreis Nienburg/Weser,W. Europe Standard Time
31629,Estorf,DE,Landkreis Nienburg/Weser,W. Europe Standard Time
31632,Husum,DE,Landkreis Nienburg/Weser,W. Europe Standard Time
31633,Leese,DE,Landkreis Nienburg/Weser,W. Europe Standard Time
31634,Steimbke,DE,Landkreis Nienburg/Weser,W. Europe Standard Time
31636,Linsburg,DE,Landkreis Nienburg/Weser,W. Europe Standard Time
31637,Rodewald,DE,Landkreis Nienburg/Weser,W. Europe Standard Time
31638,Stöckse,DE,Landkreis Nienburg/Weser,W. Europe Standard Time
31655,Stadthagen,DE,Landkreis Schaumburg,W. Europe Standard Time
31675,Bückeburg,DE,Landkreis Schaumburg,W. Europe Standard Time
31683,Obernkirchen,DE,Landkreis Schaumburg,W. Europe Standard Time
31688,Nienstädt,DE,Landkreis Schaumburg,W. Europe Standard Time
31691,Helpsen,DE,Landkreis Schaumburg,W. Europe Standard Time
31691,Seggebruch,DE,Landkreis Schaumburg,W. Europe Standard Time
31693,Hespe,DE,Landkreis Schaumburg,W. Europe Standard Time
31698,Lindhorst,DE,Landkreis Schaumburg,W. Europe Standard Time
31699,Beckedorf,DE,Landkreis Schaumburg,W. Europe Standard Time
31700,Heuerßen,DE,Landkreis Schaumburg,W. Europe Standard Time
31702,Lüdersfeld,DE,Landkreis Schaumburg,W. Europe Standard Time
31707,Bad Eilsen,DE,Landkreis Schaumburg,W. Europe Standard Time
31707,Heeßen,DE,Landkreis Schaumburg,W. Europe Standard Time
31708,Ahnsen,DE,Landkreis Schaumburg,W. Europe Standard Time
31710,Buchholz,DE,Landkreis Schaumburg,W. Europe Standard Time
31711,Hagenburg,DE,Landkreis Schaumburg,W. Europe Standard Time
31711,Luhden,DE,Landkreis Schaumburg,W. Europe Standard Time
31712,Niedernwöhren,DE,Landkreis Schaumburg,W. Europe Standard Time
31714,Lauenhagen,DE,Landkreis Schaumburg,W. Europe Standard Time
31715,Meerbeck,DE,Landkreis Schaumburg,W. Europe Standard Time
31717,Nordsehl,DE,Landkreis Schaumburg,W. Europe Standard Time
31718,Pollhagen,DE,Landkreis Schaumburg,W. Europe Standard Time
31719,Wiedensahl,DE,Landkreis Schaumburg,W. Europe Standard Time
31737,Rinteln,DE,Landkreis Schaumburg,W. Europe Standard Time
31749,Auetal,DE,Landkreis Schaumburg,W. Europe Standard Time
31785,Hameln,DE,Landkreis Hameln-Pyrmont,W. Europe Standard Time
31787,Hameln,DE,Landkreis Hameln-Pyrmont,W. Europe Standard Time
31789,Hameln,DE,Landkreis Hameln-Pyrmont,W. Europe Standard Time
31812,Bad Pyrmont,DE,Landkreis Hameln-Pyrmont,W. Europe Standard Time
31832,Springe,DE,Region Hannover,W. Europe Standard Time
31840,Hessisch Oldendorf,DE,Landkreis Hameln-Pyrmont,W. Europe Standard Time
31848,Bad Münder,DE,Landkreis Hameln-Pyrmont,W. Europe Standard Time
31848,Bad Münder am Deister,DE,Landkreis Hameln-Pyrmont,W. Europe Standard Time
31855,Aerzen,DE,Landkreis Hameln-Pyrmont,W. Europe Standard Time
31860,Emmerthal,DE,Landkreis Hameln-Pyrmont,W. Europe Standard Time
31863,Coppenbrügge,DE,Landkreis Hameln-Pyrmont,W. Europe Standard Time
31867,Hülsede,DE,Landkreis Schaumburg,W. Europe Standard Time
31867,Lauenau,DE,Landkreis Schaumburg,W. Europe Standard Time
31867,Messenkamp,DE,Landkreis Schaumburg,W. Europe Standard Time
31867,Pohle,DE,Landkreis Schaumburg,W. Europe Standard Time
31868,Ottenstein,DE,Landkreis Holzminden,W. Europe Standard Time
32289,Rödinghausen,DE,Landkreis Osnabrück,W. Europe Standard Time
32361,Preußisch Oldendorf,DE,Landkreis Osnabrück,W. Europe Standard Time
34346,Hann. Münden,DE,Landkreis Göttingen,W. Europe Standard Time
34355,Staufenberg,DE,Landkreis Göttingen,W. Europe Standard Time
37073,Göttingen,DE,Landkreis Göttingen,W. Europe Standard Time
37075,Göttingen,DE,Landkreis Göttingen,W. Europe Standard Time
37077,Göttingen,DE,Landkreis Göttingen,W. Europe Standard Time
37079,Göttingen,DE,Landkreis Göttingen,W. Europe Standard Time
37081,Göttingen,DE,Landkreis Göttingen,W. Europe Standard Time
37083,Göttingen,DE,Landkreis Göttingen,W. Europe Standard Time
37085,Göttingen,DE,Landkreis Göttingen,W. Europe Standard Time
37115,Duderstadt,DE,Landkreis Göttingen,W. Europe Standard Time
37120,Bovenden,DE,Landkreis Göttingen,W. Europe Standard Time
37124,Rosdorf,DE,Landkreis Göttingen,W. Europe Standard Time
37127,Bühren,DE,Landkreis Göttingen,W. Europe Standard Time
37127,Dransfeld,DE,Landkreis Göttingen,W. Europe Standard Time
37127,Jühnde,DE,Landkreis Göttingen,W. Europe Standard Time
37127,Niemetal,DE,Landkreis Göttingen,W. Europe Standard Time
37127,Scheden,DE,Landkreis Göttingen,W. Europe Standard Time
37130,Gleichen,DE,Landkreis Göttingen,W. Europe Standard Time
37133,Friedland,DE,Landkreis Göttingen,W. Europe Standard Time
37136,Bernshausen,DE,Landkreis Göttingen,W. Europe Standard Time
37136,Ebergötzen,DE,Landkreis Göttingen,W. Europe Standard Time
37136,Landolfshausen,DE,Landkreis Göttingen,W. Europe Standard Time
37136,Seeburg,DE,Landkreis Göttingen,W. Europe Standard Time
37136,Seulingen,DE,Landkreis Göttingen,W. Europe Standard Time
37136,Waake,DE,Landkreis Göttingen,W. Europe Standard Time
37139,Adelebsen,DE,Landkreis Göttingen,W. Europe Standard Time
37154,Northeim,DE,Landkreis Northeim,W. Europe Standard Time
37170,Allershausen,DE,Landkreis Northeim,W. Europe Standard Time
37170,Solling,DE,Landkreis Northeim,W. Europe Standard Time
37170,Uslar,DE,Landkreis Northeim,W. Europe Standard Time
37170,Wiensen,DE,Landkreis Northeim,W. Europe Standard Time
37176,Nörten-Hardenberg,DE,Landkreis Northeim,W. Europe Standard Time
37181,Gladebeck,DE,Landkreis Northeim,W. Europe Standard Time
37181,Hardegsen,DE,Landkreis Northeim,W. Europe Standard Time
37181,Hevensen,DE,Landkreis Northeim,W. Europe Standard Time
37186,Moringen,DE,Landkreis Northeim,W. Europe Standard Time
37191,Gillersheim,DE,Landkreis Northeim,W. Europe Standard Time
37191,Katlenburg,DE,Landkreis Northeim,W. Europe Standard Time
37191,Katlenburg-Lindau,DE,Landkreis Northeim,W. Europe Standard Time
37194,Bodenfelde,DE,Landkreis Northeim,W. Europe Standard Time
37197,Hattorf,DE,Landkreis Göttingen,W. Europe Standard Time
37197,Hattorf am Harz,DE,Landkreis Göttingen,W. Europe Standard Time
37199,Wulften am Harz,DE,Landkreis Göttingen,W. Europe Standard Time
37412,Elbingerode,DE,Landkreis Göttingen,W. Europe Standard Time
37412,Herzberg,DE,Landkreis Göttingen,W. Europe Standard Time
37412,Herzberg am Harz,DE,Landkreis Göttingen,W. Europe Standard Time
37412,Hörden am Harz,DE,Landkreis Göttingen,W. Europe Standard Time
37431,Bad Lauterberg im Harz,DE,Landkreis Göttingen,W. Europe Standard Time
37434,An der Rhumequelle,DE,Landkreis Göttingen,W. Europe Standard Time
37434,Bilshausen,DE,Landkreis Göttingen,W. Europe Standard Time
37434,Bodensee,DE,Landkreis Göttingen,W. Europe Standard Time
37434,Gieboldehausen,DE,Landkreis Göttingen,W. Europe Standard Time
37434,Krebeck,DE,Landkreis Göttingen,W. Europe Standard Time
37434,Obernfeld,DE,Landkreis Göttingen,W. Europe Standard Time
37434,Rhumspringe,DE,Landkreis Göttingen,W. Europe Standard Time
37434,Rollshausen,DE,Landkreis Göttingen,W. Europe Standard Time
37434,Rüdershausen,DE,Landkreis Göttingen,W. Europe Standard Time
37434,Wollbrandshausen,DE,Landkreis Göttingen,W. Europe Standard Time
37434,Wollershausen,DE,Landkreis Göttingen,W. Europe Standard Time
37441,Bad Sachsa,DE,Landkreis Göttingen,W. Europe Standard Time
37444,Braunlage,DE,Landkreis Goslar,W. Europe Standard Time
37444,Sankt Andreasberg,DE,Landkreis Goslar,W. Europe Standard Time
37444,St. Andreasberg,DE,Landkreis Goslar,W. Europe Standard Time
37445,Walkenried,DE,Landkreis Göttingen,W. Europe Standard Time
37520,Osterode,DE,Landkreis Göttingen,W. Europe Standard Time
37520,Osterode am Harz,DE,Landkreis Göttingen,W. Europe Standard Time
37520,Schwiegershausen,DE,Landkreis Göttingen,W. Europe Standard Time
37539,Bad Grund,DE,Landkreis Göttingen,W. Europe Standard Time
37539,Bad Grund (Harz),DE,Landkreis Göttingen,W. Europe Standard Time
37574,Einbeck,DE,Landkreis Northeim,W. Europe Standard Time
37581,Bad Gandersheim,DE,Landkreis Northeim,W. Europe Standard Time
37586,Dassel,DE,Landkreis Northeim,W. Europe Standard Time
37586,Hunnesrück,DE,Landkreis Northeim,W. Europe Standard Time
37589,Kalefeld,DE,Landkreis Northeim,W. Europe Standard Time
37603,Holzminden,DE,Landkreis Holzminden,W. Europe Standard Time
37619,Bodenwerder,DE,Landkreis Holzminden,W. Europe Standard Time
37619,Hehlen,DE,Landkreis Holzminden,W. Europe Standard Time
37619,Heyen,DE,Landkreis Holzminden,W. Europe Standard Time
37619,Kirchbrak,DE,Landkreis Holzminden,W. Europe Standard Time
37619,Pegestorf,DE,Landkreis Holzminden,W. Europe Standard Time
37620,Halle,DE,Landkreis Holzminden,W. Europe Standard Time
37620,Halle (Weserbergland),DE,Landkreis Holzminden,W. Europe Standard Time
37627,Arholzen,DE,Landkreis Holzminden,W. Europe Standard Time
37627,Deensen,DE,Landkreis Holzminden,W. Europe Standard Time
37627,Heinade,DE,Landkreis Holzminden,W. Europe Standard Time
37627,Lenne,DE,Landkreis Holzminden,W. Europe Standard Time
37627,Stadtoldendorf,DE,Landkreis Holzminden,W. Europe Standard Time
37627,Wangelnstedt,DE,Landkreis Holzminden,W. Europe Standard Time
37632,Eimen,DE,Landkreis Holzminden,W. Europe Standard Time
37632,Eschershausen,DE,Landkreis Holzminden,W. Europe Standard Time
37632,Holzen,DE,Landkreis Holzminden,W. Europe Standard Time
37633,Dielmissen,DE,Landkreis Holzminden,W. Europe Standard Time
37635,Lüerdissen,DE,Landkreis Holzminden,W. Europe Standard Time
37639,Bevern,DE,Landkreis Holzminden,W. Europe Standard Time
37640,Golmbach,DE,Landkreis Holzminden,W. Europe Standard Time
37642,Holenberg,DE,Landkreis Holzminden,W. Europe Standard Time
37643,Negenborn,DE,Landkreis Holzminden,W. Europe Standard Time
37647,Brevörde,DE,Landkreis Holzminden,W. Europe Standard Time
37647,Polle,DE,Landkreis Holzminden,W. Europe Standard Time
37647,Vahlbruch,DE,Landkreis Holzminden,W. Europe Standard Time
37649,Heinsen,DE,Landkreis Holzminden,W. Europe Standard Time
37691,Boffzen,DE,Landkreis Holzminden,W. Europe Standard Time
37691,Derental,DE,Landkreis Holzminden,W. Europe Standard Time
37697,Lauenförde,DE,Landkreis Holzminden,W. Europe Standard Time
37699,Fürstenberg,DE,Landkreis Holzminden,W. Europe Standard Time
38100,Braunschweig,DE,Braunschweig,W. Europe Standard Time
38102,Braunschweig,DE,Braunschweig,W. Europe Standard Time
38104,Braunschweig,DE,Braunschweig,W. Europe Standard Time
38106,Braunschweig,DE,Braunschweig,W. Europe Standard Time
38108,Braunschweig,DE,Braunschweig,W. Europe Standard Time
38110,Braunschweig,DE,Braunschweig,W. Europe Standard Time
38112,Braunschweig,DE,Braunschweig,W. Europe Standard Time
38114,Braunschweig,DE,Braunschweig,W. Europe Standard Time
38116,Braunschweig,DE,Braunschweig,W. Europe Standard Time
38118,Braunschweig,DE,Braunschweig,W. Europe Standard Time
38120,Braunschweig,DE,Braunschweig,W. Europe Standard Time
38122,Braunschweig,DE,Braunschweig,W. Europe Standard Time
38124,Braunschweig,DE,Braunschweig,W. Europe Standard Time
38126,Braunschweig,DE,Braunschweig,W. Europe Standard Time
38154,Königslutter,DE,Landkreis Helmstedt,W. Europe Standard Time
38154,Königslutter am Elm,DE,Landkreis Helmstedt,W. Europe Standard Time
38159,Denstorf,DE,Landkreis Peine,W. Europe Standard Time
38159,Vechelde,DE,Landkreis Peine,W. Europe Standard Time
38162,Cremlingen,DE,Landkreis Wolfenbüttel,W. Europe Standard Time
38165,Lehre,DE,Landkreis Helmstedt,W. Europe Standard Time
38170,Dahlum,DE,Landkreis Wolfenbüttel,W. Europe Standard Time
38170,Kneitlingen,DE,Landkreis Wolfenbüttel,W. Europe Standard Time
38170,Schöppenstedt,DE,Landkreis Wolfenbüttel,W. Europe Standard Time
38170,Uehrde,DE,Landkreis Wolfenbüttel,W. Europe Standard Time
38170,Vahlberg,DE,Landkreis Wolfenbüttel,W. Europe Standard Time
38170,Winnigstedt,DE,Landkreis Wolfenbüttel,W. Europe Standard Time
38173,Dettum,DE,Landkreis Wolfenbüttel,W. Europe Standard Time
38173,Erkerode,DE,Landkreis Wolfenbüttel,W. Europe Standard Time
38173,Evessen,DE,Landkreis Wolfenbüttel,W. Europe Standard Time
38173,Sickte,DE,Landkreis Wolfenbüttel,W. Europe Standard Time
38173,Veltheim (Ohe),DE,Landkreis Wolfenbüttel,W. Europe Standard Time
38176,Bortfeld,DE,Landkreis Peine,W. Europe Standard Time
38176,Wendeburg,DE,Landkreis Peine,W. Europe Standard Time
38179,Schwülper,DE,Landkreis Gifhorn,W. Europe Standard Time
38226,Salzgitter,DE,Salzgitter,W. Europe Standard Time
38228,Salzgitter,DE,Salzgitter,W. Europe Standard Time
38229,Salzgitter,DE,Salzgitter,W. Europe Standard Time
38239,Salzgitter,DE,Salzgitter,W. Europe Standard Time
38259,Salzgitter,DE,Salzgitter,W. Europe Standard Time
38268,Lengede,DE,Landkreis Peine,W. Europe Standard Time
38271,Baddeckenstedt,DE,Landkreis Wolfenbüttel,W. Europe Standard Time
38272,Burgdorf,DE,Landkreis Wolfenbüttel,W. Europe Standard Time
38274,Elbe,DE,Landkreis Wolfenbüttel,W. Europe Standard Time
38275,Haverlah,DE,Landkreis Wolfenbüttel,W. Europe Standard Time
38277,Heere,DE,Landkreis Wolfenbüttel,W. Europe Standard Time
38279,Sehlde,DE,Landkreis Wolfenbüttel,W. Europe Standard Time
38300,Wolfenbüttel,DE,Landkreis Wolfenbüttel,W. Europe Standard Time
38302,Wolfenbüttel,DE,Landkreis Wolfenbüttel,W. Europe Standard Time
38304,Wolfenbüttel,DE,Landkreis Wolfenbüttel,W. Europe Standard Time
38312,Börßum,DE,Landkreis Wolfenbüttel,W. Europe Standard Time
38312,Cramme,DE,Landkreis Wolfenbüttel,W. Europe Standard Time
38312,Dorstadt,DE,Landkreis Wolfenbüttel,W. Europe Standard Time
38312,Flöthe,DE,Landkreis Wolfenbüttel,W. Europe Standard Time
38312,Heiningen,DE,Landkreis Wolfenbüttel,W. Europe Standard Time
38312,Ohrum,DE,Landkreis Wolfenbüttel,W. Europe Standard Time
38315,Hornburg,DE,Landkreis Wolfenbüttel,W. Europe Standard Time
38315,Schladen,DE,Landkreis Wolfenbüttel,W. Europe Standard Time
38315,Schladen-Werla,DE,Landkreis Wolfenbüttel,W. Europe Standard Time
38319,Remlingen-Semmenstedt,DE,Landkreis Wolfenbüttel,W. Europe Standard Time
38321,Denkte,DE,Landkreis Wolfenbüttel,W. Europe Standard Time
38322,Hedeper,DE,Landkreis Wolfenbüttel,W. Europe Standard Time
38324,Kissenbrück,DE,Landkreis Wolfenbüttel,W. Europe Standard Time
38325,Roklum,DE,Landkreis Wolfenbüttel,W. Europe Standard Time
38327,Remlingen-Semmenstedt,DE,Landkreis Wolfenbüttel,W. Europe Standard Time
38329,Wittmar,DE,Landkreis Wolfenbüttel,W. Europe Standard Time
38350,Helmstedt,DE,Landkreis Helmstedt,W. Europe Standard Time
38364,Schöningen,DE,Landkreis Helmstedt,W. Europe Standard Time
38368,Grasleben,DE,Landkreis Helmstedt,W. Europe Standard Time
38368,Mariental,DE,Landkreis Helmstedt,W. Europe Standard Time
38368,Querenhorst,DE,Landkreis Helmstedt,W. Europe Standard Time
38368,Rennau,DE,Landkreis Helmstedt,W. Europe Standard Time
38372,Büddenstedt,DE,Landkreis Helmstedt,W. Europe Standard Time
38372,Helmstedt,DE,Landkreis Helmstedt,W. Europe Standard Time
38373,Frellstedt,DE,Landkreis Helmstedt,W. Europe Standard Time
38373,Süpplingen,DE,Landkreis Helmstedt,W. Europe Standard Time
38375,Räbke,DE,Landkreis Helmstedt,W. Europe Standard Time
38376,Süpplingenburg,DE,Landkreis Helmstedt,W. Europe Standard Time
38378,Warberg,DE,Landkreis Helmstedt,W. Europe Standard Time
38379,Wolsdorf,DE,Landkreis Helmstedt,W. Europe Standard Time
38381,Jerxheim,DE,Landkreis Helmstedt,W. Europe Standard Time
38382,Beierstedt,DE,Landkreis Helmstedt,W. Europe Standard Time
38384,Gevensleben,DE,Landkreis Helmstedt,W. Europe Standard Time
38387,Söllingen,DE,Landkreis Helmstedt,W. Europe Standard Time
38440,Wolfsburg,DE,Wolfsburg,W. Europe Standard Time
38442,Wolfsburg,DE,Wolfsburg,W. Europe Standard Time
38444,Wolfsburg,DE,Wolfsburg,W. Europe Standard Time
38446,Wolfsburg,DE,Wolfsburg,W. Europe Standard Time
38448,Wolfsburg,DE,Wolfsburg,W. Europe Standard Time
38458,Velpke,DE,Landkreis Helmstedt,W. Europe Standard Time
38459,Bahrdorf,DE,Landkreis Helmstedt,W. Europe Standard Time
38461,Danndorf,DE,Landkreis Helmstedt,W. Europe Standard Time
38462,Grafhorst,DE,Landkreis Helmstedt,W. Europe Standard Time
38464,Groß Twülpstedt,DE,Landkreis Helmstedt,W. Europe Standard Time
38465,Brome,DE,Landkreis Gifhorn,W. Europe Standard Time
38467,Bergfeld,DE,Landkreis Gifhorn,W. Europe Standard Time
38468,Ehra-Lessien,DE,Landkreis Gifhorn,W. Europe Standard Time
38470,Parsau,DE,Landkreis Gifhorn,W. Europe Standard Time
38471,Rühen,DE,Landkreis Gifhorn,W. Europe Standard Time
38473,Tiddische,DE,Landkreis Gifhorn,W. Europe Standard Time
38474,Tülau,DE,Landkreis Gifhorn,W. Europe Standard Time
38476,Barwedel,DE,Landkreis Gifhorn,W. Europe Standard Time
38477,Jembke,DE,Landkreis Gifhorn,W. Europe Standard Time
38479,Tappenbeck,DE,Landkreis Gifhorn,W. Europe Standard Time
38518,Gifhorn,DE,Landkreis Gifhorn,W. Europe Standard Time
38524,Sassenburg,DE,Landkreis Gifhorn,W. Europe Standard Time
38527,Meine,DE,Landkreis Gifhorn,W. Europe Standard Time
38528,Adenbüttel,DE,Landkreis Gifhorn,W. Europe Standard Time
38530,Didderse,DE,Landkreis Gifhorn,W. Europe Standard Time
38531,Rötgesbüttel,DE,Landkreis Gifhorn,W. Europe Standard Time
38533,Vordorf,DE,Landkreis Gifhorn,W. Europe Standard Time
38536,Meinersen,DE,Landkreis Gifhorn,W. Europe Standard Time
38539,Müden (Aller),DE,Landkreis Gifhorn,W. Europe Standard Time
38542,Leiferde,DE,Landkreis Gifhorn,W. Europe Standard Time
38543,Hillerse,DE,Landkreis Gifhorn,W. Europe Standard Time
38547,Calberlah,DE,Landkreis Gifhorn,W. Europe Standard Time
38550,Isenbüttel,DE,Landkreis Gifhorn,W. Europe Standard Time
38551,Ribbesbüttel,DE,Landkreis Gifhorn,W. Europe Standard Time
38553,Wasbüttel,DE,Landkreis Gifhorn,W. Europe Standard Time
38554,Weyhausen,DE,Landkreis Gifhorn,W. Europe Standard Time
38556,Bokensdorf,DE,Landkreis Gifhorn,W. Europe Standard Time
38557,Osloß,DE,Landkreis Gifhorn,W. Europe Standard Time
38559,Ringelah,DE,Landkreis Gifhorn,W. Europe Standard Time
38559,Wagenhoff,DE,Landkreis Gifhorn,W. Europe Standard Time
38640,Goslar,DE,Landkreis Goslar,W. Europe Standard Time
38642,Goslar,DE,Landkreis Goslar,W. Europe Standard Time
38644,Goslar,DE,Landkreis Goslar,W. Europe Standard Time
38667,Bad Harzburg,DE,Landkreis Goslar,W. Europe Standard Time
38667,Clausthal-Zellerfeld,DE,Landkreis Goslar,W. Europe Standard Time
38678,Clausthal-Zellerfeld,DE,Landkreis Goslar,W. Europe Standard Time
38685,Langelsheim,DE,Landkreis Goslar,W. Europe Standard Time
38690,Goslar,DE,Landkreis Goslar,W. Europe Standard Time
38700,Braunlage,DE,Landkreis Goslar,W. Europe Standard Time
38704,Liebenburg,DE,Landkreis Goslar,W. Europe Standard Time
38704,Upen,DE,Landkreis Goslar,W. Europe Standard Time
38707,Clausthal-Zellerfeld,DE,Landkreis Goslar,W. Europe Standard Time
38709,Clausthal-Zellerfeld,DE,Landkreis Goslar,W. Europe Standard Time
38709,Wildemann,DE,Landkreis Goslar,W. Europe Standard Time
38723,Seesen,DE,Landkreis Goslar,W. Europe Standard Time
38729,Langelsheim,DE,Landkreis Goslar,W. Europe Standard Time
38729,Lutter am Barenberge,DE,Landkreis Goslar,W. Europe Standard Time
38729,Wallmoden,DE,Landkreis Goslar,W. Europe Standard Time
48455,Bad Bentheim,DE,Landkreis Grafschaft Bentheim,W. Europe Standard Time
48465,Engden,DE,Landkreis Grafschaft Bentheim,W. Europe Standard Time
48465,Isterberg,DE,Landkreis Grafschaft Bentheim,W. Europe Standard Time
48465,Ohne,DE,Landkreis Grafschaft Bentheim,W. Europe Standard Time
48465,Quendorf,DE,Landkreis Grafschaft Bentheim,W. Europe Standard Time
48465,Samern,DE,Landkreis Grafschaft Bentheim,W. Europe Standard Time
48465,Schüttorf,DE,Landkreis Grafschaft Bentheim,W. Europe Standard Time
48480,Lünne,DE,Landkreis Emsland,W. Europe Standard Time
48480,Schapen,DE,Landkreis Emsland,W. Europe Standard Time
48480,Spelle,DE,Landkreis Emsland,W. Europe Standard Time
48480,Varenrode,DE,Landkreis Emsland,W. Europe Standard Time
48488,Emsbüren,DE,Landkreis Emsland,W. Europe Standard Time
48499,Salzbergen,DE,Landkreis Emsland,W. Europe Standard Time
48527,Nordhorn,DE,Landkreis Grafschaft Bentheim,W. Europe Standard Time
48529,Nordhorn,DE,Landkreis Grafschaft Bentheim,W. Europe Standard Time
48531,Nordhorn,DE,Landkreis Grafschaft Bentheim,W. Europe Standard Time
49074,Osnabrück,DE,Osnabrück,W. Europe Standard Time
49076,Osnabrück,DE,Osnabrück,W. Europe Standard Time
49078,Osnabrück,DE,Osnabrück,W. Europe Standard Time
49080,Osnabrück,DE,Osnabrück,W. Europe Standard Time
49082,Osnabrück,DE,Osnabrück,W. Europe Standard Time
49084,Osnabrück,DE,Osnabrück,W. Europe Standard Time
49086,Osnabrück,DE,Osnabrück,W. Europe Standard Time
49088,Osnabrück,DE,Osnabrück,W. Europe Standard Time
49090,Osnabrück,DE,Osnabrück,W. Europe Standard Time
49124,Georgsmarienhütte,DE,Landkreis Osnabrück,W. Europe Standard Time
49134,Wallenhorst,DE,Landkreis Osnabrück,W. Europe Standard Time
49143,Bissendorf,DE,Landkreis Osnabrück,W. Europe Standard Time
49152,Bad Essen,DE,Landkreis Osnabrück,W. Europe Standard Time
49163,Bohmte,DE,Landkreis Osnabrück,W. Europe Standard Time
49170,Hagen am Teutoburger Wald,DE,Landkreis Osnabrück,W. Europe Standard Time
49176,Hilter,DE,Landkreis Osnabrück,W. Europe Standard Time
49176,Hilter am Teutoburger Wald,DE,Landkreis Osnabrück,W. Europe Standard Time
49179,Ostercappeln,DE,Landkreis Osnabrück,W. Europe Standard Time
49186,Bad Iburg,DE,Landkreis Osnabrück,W. Europe Standard Time
49191,Belm,DE,Landkreis Osnabrück,W. Europe Standard Time
49196,Bad Laer,DE,Landkreis Osnabrück,W. Europe Standard Time
49201,Dissen am Teutoburger Wald,DE,Landkreis Osnabrück,W. Europe Standard Time
49205,Hasbergen,DE,Landkreis Osnabrück,W. Europe Standard Time
49214,Bad Rothenfelde,DE,Landkreis Osnabrück,W. Europe Standard Time
49219,Glandorf,DE,Landkreis Osnabrück,W. Europe Standard Time
49324,Melle,DE,Landkreis Osnabrück,W. Europe Standard Time
49326,Dissen,DE,Landkreis Osnabrück,W. Europe Standard Time
49326,Melle,DE,Landkreis Osnabrück,W. Europe Standard Time
49328,Melle,DE,Landkreis Osnabrück,W. Europe Standard Time
49356,Diepholz,DE,Landkreis Diepholz,W. Europe Standard Time
49377,Aachen,DE,Landkreis Vechta,W. Europe Standard Time
49377,Vechta,DE,Landkreis Vechta,W. Europe Standard Time
49393,Lohne,DE,Landkreis Vechta,W. Europe Standard Time
49393,Lohne (Oldenburg),DE,Landkreis Vechta,W. Europe Standard Time
49401,Damme,DE,Landkreis Vechta,W. Europe Standard Time
49406,Barnstorf,DE,Landkreis Diepholz,W. Europe Standard Time
49406,Drentwede,DE,Landkreis Diepholz,W. Europe Standard Time
49406,Eydelstedt,DE,Landkreis Diepholz,W. Europe Standard Time
49413,Dinklage,DE,Landkreis Vechta,W. Europe Standard Time
49419,Wagenfeld,DE,Landkreis Diepholz,W. Europe Standard Time
49424,Goldenstedt,DE,Landkreis Vechta,W. Europe Standard Time
49429,Visbek,DE,Landkreis Vechta,W. Europe Standard Time
49434,Neuenkirchen,DE,Landkreis Vechta,W. Europe Standard Time
49434,Neuenkirchen-Vörden,DE,Landkreis Vechta,W. Europe Standard Time
49439,Steinfeld,DE,Landkreis Vechta,W. Europe Standard Time
49439,Steinfeld (Oldenburg),DE,Landkreis Vechta,W. Europe Standard Time
49448,Brockum,DE,Landkreis Diepholz,W. Europe Standard Time
49448,Hüde,DE,Landkreis Diepholz,W. Europe Standard Time
49448,Lembruch,DE,Landkreis Diepholz,W. Europe Standard Time
49448,Lemförde,DE,Landkreis Diepholz,W. Europe Standard Time
49448,Marl,DE,Landkreis Diepholz,W. Europe Standard Time
49448,Quernheim,DE,Landkreis Diepholz,W. Europe Standard Time
49448,Stemshorn,DE,Landkreis Diepholz,W. Europe Standard Time
49451,Holdorf,DE,Landkreis Vechta,W. Europe Standard Time
49453,Barver,DE,Landkreis Diepholz,W. Europe Standard Time
49453,Dickel,DE,Landkreis Diepholz,W. Europe Standard Time
49453,Hemsloh,DE,Landkreis Diepholz,W. Europe Standard Time
49453,Rehden,DE,Landkreis Diepholz,W. Europe Standard Time
49453,Wetschen,DE,Landkreis Diepholz,W. Europe Standard Time
49456,Bakum,DE,Landkreis Vechta,W. Europe Standard Time
49457,Drebber,DE,Landkreis Diepholz,W. Europe Standard Time
49459,Lembruch,DE,Landkreis Diepholz,W. Europe Standard Time
49565,Bramsche,DE,Landkreis Osnabrück,W. Europe Standard Time
49577,Ankum,DE,Landkreis Osnabrück,W. Europe Standard Time
49577,Eggermühlen,DE,Landkreis Osnabrück,W. Europe Standard Time
49577,Kettenkamp,DE,Landkreis Osnabrück,W. Europe Standard Time
49584,Fürstenau,DE,Landkreis Osnabrück,W. Europe Standard Time
49586,Merzen,DE,Landkreis Osnabrück,W. Europe Standard Time
49586,Neuenkirchen,DE,Landkreis Osnabrück,W. Europe Standard Time
49593,Bersenbrück,DE,Landkreis Osnabrück,W. Europe Standard Time
49594,Alfhausen,DE,Landkreis Osnabrück,W. Europe Standard Time
49596,Gehrde,DE,Landkreis Osnabrück,W. Europe Standard Time
49597,Rieste,DE,Landkreis Osnabrück,W. Europe Standard Time
49599,Voltlage,DE,Landkreis Osnabrück,W. Europe Standard Time
49610,Quakenbrück,DE,Landkreis Osnabrück,W. Europe Standard Time
49616,Meppen,DE,Landkreis Emsland,W. Europe Standard Time
49624,Löningen,DE,Landkreis Cloppenburg,W. Europe Standard Time
49626,Berge,DE,Landkreis Osnabrück,W. Europe Standard Time
49626,Bippen,DE,Landkreis Osnabrück,W. Europe Standard Time
49632,Essen (Oldenburg),DE,Landkreis Cloppenburg,W. Europe Standard Time
49635,Badbergen,DE,Landkreis Osnabrück,W. Europe Standard Time
49635,Wallenhorst,DE,Landkreis Osnabrück,W. Europe Standard Time
49637,Menslage,DE,Landkreis Osnabrück,W. Europe Standard Time
49638,Nortrup,DE,Landkreis Osnabrück,W. Europe Standard Time
49661,Cloppenburg,DE,Landkreis Cloppenburg,W. Europe Standard Time
49681,Garrel,DE,Landkreis Cloppenburg,W. Europe Standard Time
49685,Bühren,DE,Landkreis Cloppenburg,W. Europe Standard Time
49685,Emstek,DE,Landkreis Cloppenburg,W. Europe Standard Time
49685,Halen,DE,Landkreis Cloppenburg,W. Europe Standard Time
49685,Höltinghausen,DE,Landkreis Cloppenburg,W. Europe Standard Time
49685,Schneiderkrug,DE,Landkreis Cloppenburg,W. Europe Standard Time
49688,Lastrup,DE,Landkreis Cloppenburg,W. Europe Standard Time
49692,Cappeln,DE,Landkreis Cloppenburg,W. Europe Standard Time
49692,Cappeln (Oldenburg),DE,Landkreis Cloppenburg,W. Europe Standard Time
49692,Sevelten,DE,Landkreis Cloppenburg,W. Europe Standard Time
49696,Molbergen,DE,Landkreis Cloppenburg,W. Europe Standard Time
49696,Peheim,DE,Landkreis Cloppenburg,W. Europe Standard Time
49699,Lindern,DE,Landkreis Cloppenburg,W. Europe Standard Time
49699,Lindern (Oldenburg),DE,Landkreis Cloppenburg,W. Europe Standard Time
49716,Hüntel,DE,Landkreis Emsland,W. Europe Standard Time
49716,Meppen,DE,Landkreis Emsland,W. Europe Standard Time
49716,Schwefingen,DE,Landkreis Emsland,W. Europe Standard Time
49733,Haren,DE,Landkreis Emsland,W. Europe Standard Time
49733,Haren (Ems),DE,Landkreis Emsland,W. Europe Standard Time
49740,Haselünne,DE,Landkreis Emsland,W. Europe Standard Time
49744,Geeste,DE,Landkreis Emsland,W. Europe Standard Time
49751,Hüven,DE,Landkreis Emsland,W. Europe Standard Time
49751,Spahnharrenstätte,DE,Landkreis Emsland,W. Europe Standard Time
49751,Sögel,DE,Landkreis Emsland,W. Europe Standard Time
49751,Werpeloh,DE,Landkreis Emsland,W. Europe Standard Time
49757,Lahn,DE,Landkreis Emsland,W. Europe Standard Time
49757,Vrees,DE,Landkreis Emsland,W. Europe Standard Time
49757,Werlte,DE,Landkreis Emsland,W. Europe Standard Time
49762,Fresenburg,DE,Landkreis Emsland,W. Europe Standard Time
49762,Lathen,DE,Landkreis Emsland,W. Europe Standard Time
49762,Sustrum,DE,Landkreis Emsland,W. Europe Standard Time
49767,Twist,DE,Landkreis Emsland,W. Europe Standard Time
49770,Dohren,DE,Landkreis Emsland,W. Europe Standard Time
49770,Herzlake,DE,Landkreis Emsland,W. Europe Standard Time
49774,Lähden,DE,Landkreis Emsland,W. Europe Standard Time
49777,Groß Berßen,DE,Landkreis Emsland,W. Europe Standard Time
49777,Klein Berßen,DE,Landkreis Emsland,W. Europe Standard Time
49777,Stavern,DE,Landkreis Emsland,W. Europe Standard Time
49779,Niederlangen,DE,Landkreis Emsland,W. Europe Standard Time
49779,Oberlangen,DE,Landkreis Emsland,W. Europe Standard Time
49808,Holthausen,DE,Landkreis Emsland,W. Europe Standard Time
49808,Lingen,DE,Landkreis Emsland,W. Europe Standard Time
49808,Lingen (Ems),DE,Landkreis Emsland,W. Europe Standard Time
49809,Lingen (Ems),DE,Landkreis Emsland,W. Europe Standard Time
49811,Lingen,DE,Landkreis Emsland,W. Europe Standard Time
49811,Lingen (Ems),DE,Landkreis Emsland,W. Europe Standard Time
49824,Emlichheim,DE,Landkreis Grafschaft Bentheim,W. Europe Standard Time
49824,Laar,DE,Landkreis Grafschaft Bentheim,W. Europe Standard Time
49824,Ringe,DE,Landkreis Grafschaft Bentheim,W. Europe Standard Time
49828,Esche,DE,Landkreis Grafschaft Bentheim,W. Europe Standard Time
49828,Georgsdorf,DE,Landkreis Grafschaft Bentheim,W. Europe Standard Time
49828,Lage,DE,Landkreis Grafschaft Bentheim,W. Europe Standard Time
49828,Neuenhaus,DE,Landkreis Grafschaft Bentheim,W. Europe Standard Time
49828,Osterwald,DE,Landkreis Grafschaft Bentheim,W. Europe Standard Time
49832,Andervenne,DE,Landkreis Emsland,W. Europe Standard Time
49832,Beesten,DE,Landkreis Emsland,W. Europe Standard Time
49832,Freren,DE,Landkreis Emsland,W. Europe Standard Time
49832,Messingen,DE,Landkreis Emsland,W. Europe Standard Time
49832,Thuine,DE,Landkreis Emsland,W. Europe Standard Time
49835,Wietmarschen,DE,Landkreis Grafschaft Bentheim,W. Europe Standard Time
49838,Gersten,DE,Landkreis Emsland,W. Europe Standard Time
49838,Handrup,DE,Landkreis Emsland,W. Europe Standard Time
49838,Langen,DE,Landkreis Emsland,W. Europe Standard Time
49838,Lengerich,DE,Landkreis Emsland,W. Europe Standard Time
49838,Lengerich (Emsland),DE,Landkreis Emsland,W. Europe Standard Time
49838,Wettrup,DE,Landkreis Emsland,W. Europe Standard Time
49843,Getelo,DE,Landkreis Grafschaft Bentheim,W. Europe Standard Time
49843,Gölenkamp,DE,Landkreis Grafschaft Bentheim,W. Europe Standard Time
49843,Halle,DE,Landkreis Grafschaft Bentheim,W. Europe Standard Time
49843,Uelsen,DE,Landkreis Grafschaft Bentheim,W. Europe Standard Time
49844,Bawinkel,DE,Landkreis Emsland,W. Europe Standard Time
49846,Hoogstede,DE,Landkreis Grafschaft Bentheim,W. Europe Standard Time
49847,Itterbeck,DE,Landkreis Grafschaft Bentheim,W. Europe Standard Time
49847,Wielen,DE,Landkreis Grafschaft Bentheim,W. Europe Standard Time
49849,Wilsum,DE,Landkreis Grafschaft Bentheim,W. Europe Standard Time
